{
  "config": {
    "intent_parsers_configs": [
      {
        "max_pattern_length": 1000, 
        "max_queries": 100, 
        "unit_name": "deterministic_intent_parser"
      }, 
      {
        "intent_classifier_config": {
          "data_augmentation_config": {
            "add_builtin_entities_examples": false, 
            "min_utterances": 20, 
            "noise_factor": 5, 
            "unknown_word_prob": 0.2, 
            "unknown_words_replacement_string": "unknownword"
          }, 
          "featurizer_config": {
            "pvalue_threshold": 0.4, 
            "sublinear_tf": false, 
            "word_clusters_name": null
          }, 
          "random_seed": null, 
          "unit_name": "log_reg_intent_classifier"
        }, 
        "slot_filler_config": {
          "crf_args": {
            "algorithm": "lbfgs", 
            "c1": 0.1, 
            "c2": 0.1
          }, 
          "data_augmentation_config": {
            "add_builtin_entities_examples": false, 
            "capitalization_ratio": 0, 
            "min_utterances": 200
          }, 
          "feature_factory_configs": [
            {
              "args": {
                "common_words_gazetteer_name": "top_200000_words_stemmed", 
                "n": 1, 
                "use_stemming": true
              }, 
              "factory_name": "ngram", 
              "offsets": [
                -2, 
                -1, 
                0, 
                1, 
                2
              ]
            }, 
            {
              "args": {
                "common_words_gazetteer_name": "top_200000_words_stemmed", 
                "n": 2, 
                "use_stemming": true
              }, 
              "factory_name": "ngram", 
              "offsets": [
                -2, 
                1
              ]
            }, 
            {
              "args": {
                "prefix_size": 2
              }, 
              "factory_name": "prefix", 
              "offsets": [
                0
              ]
            }, 
            {
              "args": {
                "prefix_size": 5
              }, 
              "factory_name": "prefix", 
              "offsets": [
                0
              ]
            }, 
            {
              "args": {
                "suffix_size": 2
              }, 
              "factory_name": "suffix", 
              "offsets": [
                0
              ]
            }, 
            {
              "args": {
                "suffix_size": 5
              }, 
              "factory_name": "suffix", 
              "offsets": [
                0
              ]
            }, 
            {
              "args": {}, 
              "factory_name": "is_digit", 
              "offsets": [
                -1, 
                0, 
                1
              ]
            }, 
            {
              "args": {}, 
              "factory_name": "is_first", 
              "offsets": [
                -2, 
                -1, 
                0
              ]
            }, 
            {
              "args": {}, 
              "factory_name": "is_last", 
              "offsets": [
                0, 
                1, 
                2
              ]
            }, 
            {
              "args": {
                "n": 1
              }, 
              "factory_name": "shape_ngram", 
              "offsets": [
                0
              ]
            }, 
            {
              "args": {
                "n": 2
              }, 
              "factory_name": "shape_ngram", 
              "offsets": [
                -1, 
                0
              ]
            }, 
            {
              "args": {
                "n": 3
              }, 
              "factory_name": "shape_ngram", 
              "offsets": [
                -1
              ]
            }, 
            {
              "args": {
                "tagging_scheme_code": 2, 
                "use_stemming": true
              }, 
              "drop_out": 0.1, 
              "factory_name": "entity_match", 
              "offsets": [
                -2, 
                -1, 
                0
              ]
            }, 
            {
              "args": {
                "tagging_scheme_code": 1
              }, 
              "factory_name": "builtin_entity_match", 
              "offsets": [
                -2, 
                -1, 
                0
              ]
            }
          ], 
          "random_seed": null, 
          "tagging_scheme": 1, 
          "unit_name": "crf_slot_filler"
        }, 
        "unit_name": "probabilistic_intent_parser"
      }
    ], 
    "unit_name": "nlu_engine"
  }, 
  "dataset_metadata": {
    "entities": {
      "de.fhem.ChangePercent": {
        "automatically_extensible": false, 
        "utterances": {
          "Dunkler": "dunkler", 
          "Erhohen": "rauf", 
          "Erh\u00f6hen": "rauf", 
          "Gro\u00dfer": "rauf", 
          "Gr\u00f6\u00dfer": "rauf", 
          "Heller": "heller", 
          "Hoch": "rauf", 
          "Hoher": "rauf", 
          "H\u00f6her": "rauf", 
          "Kalter": "k\u00e4lter", 
          "Kleiner": "runter", 
          "K\u00e4lter": "k\u00e4lter", 
          "Lauter": "lauter", 
          "Leiser": "leiser", 
          "Niedriger": "runter", 
          "Rauf": "rauf", 
          "Runter": "runter", 
          "Verringern": "runter", 
          "Warmer": "w\u00e4rmer", 
          "Weiter Auf": "rauf", 
          "Weiter Hoch": "rauf", 
          "Weiter Offnen": "rauf", 
          "Weiter Runter": "runter", 
          "Weiter Schlie\u00dfen": "runter", 
          "Weiter Zu": "runter", 
          "Weiter \u00d6ffnen": "rauf", 
          "W\u00e4rmer": "w\u00e4rmer", 
          "dunkler": "dunkler", 
          "erhohen": "rauf", 
          "erh\u00f6hen": "rauf", 
          "gro\u00dfer": "rauf", 
          "gr\u00f6\u00dfer": "rauf", 
          "heller": "heller", 
          "hoch": "rauf", 
          "hoher": "rauf", 
          "h\u00f6her": "rauf", 
          "kalter": "k\u00e4lter", 
          "kleiner": "runter", 
          "k\u00e4lter": "k\u00e4lter", 
          "lauter": "lauter", 
          "leiser": "leiser", 
          "niedriger": "runter", 
          "rauf": "rauf", 
          "runter": "runter", 
          "verringern": "runter", 
          "warmer": "w\u00e4rmer", 
          "weiter auf": "rauf", 
          "weiter hoch": "rauf", 
          "weiter offnen": "rauf", 
          "weiter runter": "runter", 
          "weiter schlie\u00dfen": "runter", 
          "weiter zu": "runter", 
          "weiter \u00f6ffnen": "rauf", 
          "w\u00e4rmer": "w\u00e4rmer"
        }
      }, 
      "de.fhem.Color": {
        "automatically_extensible": false, 
        "utterances": {
          "Standardfarbe": "Standardfarbe", 
          "standardfarbe": "Standardfarbe"
        }
      }, 
      "de.fhem.Device": {
        "automatically_extensible": false, 
        "utterances": {
          "Standardgerat": "Standardger\u00e4t", 
          "Standardger\u00e4t": "Standardger\u00e4t", 
          "standardgerat": "Standardger\u00e4t", 
          "standardger\u00e4t": "Standardger\u00e4t"
        }
      }, 
      "de.fhem.MediaChannels": {
        "automatically_extensible": false, 
        "utterances": {
          "Standardsender": "Standardsender", 
          "standardsender": "Standardsender"
        }
      }, 
      "de.fhem.MediaControlCommand": {
        "automatically_extensible": false, 
        "utterances": {
          "Anhalten": "pause", 
          "Beenden": "stop", 
          "Fortsetzen": "play", 
          "Letzte": "zur\u00fcck", 
          "Letzten": "zur\u00fcck", 
          "Letzter": "zur\u00fcck", 
          "Letztes": "zur\u00fcck", 
          "Nachste": "vor", 
          "Nachsten": "vor", 
          "Nachster": "vor", 
          "Nachstes": "vor", 
          "N\u00e4chste": "vor", 
          "N\u00e4chsten": "vor", 
          "N\u00e4chster": "vor", 
          "N\u00e4chstes": "vor", 
          "Pause": "pause", 
          "Pausieren": "pause", 
          "Play": "play", 
          "Ruckwarts": "zur\u00fcck", 
          "R\u00fcckw\u00e4rts": "zur\u00fcck", 
          "Starten": "starten", 
          "Stop": "stop", 
          "Stoppe": "stop", 
          "Stoppen": "stop", 
          "Uberspringen": "vor", 
          "Vor": "vor", 
          "Vorherige": "zur\u00fcck", 
          "Vorherigen": "zur\u00fcck", 
          "Vorheriger": "zur\u00fcck", 
          "Vorheriges": "zur\u00fcck", 
          "Vorne": "vor", 
          "Vorwarts": "vor", 
          "Vorw\u00e4rts": "vor", 
          "Weiter": "vor", 
          "Weiterspielen": "play", 
          "Zuruck": "zur\u00fcck", 
          "Zur\u00fcck": "zur\u00fcck", 
          "anhalten": "pause", 
          "beenden": "stop", 
          "fortsetzen": "play", 
          "letzte": "zur\u00fcck", 
          "letzten": "zur\u00fcck", 
          "letzter": "zur\u00fcck", 
          "letztes": "zur\u00fcck", 
          "nachste": "vor", 
          "nachsten": "vor", 
          "nachster": "vor", 
          "nachstes": "vor", 
          "n\u00e4chste": "vor", 
          "n\u00e4chsten": "vor", 
          "n\u00e4chster": "vor", 
          "n\u00e4chstes": "vor", 
          "pause": "pause", 
          "pausieren": "pause", 
          "play": "play", 
          "ruckwarts": "zur\u00fcck", 
          "r\u00fcckw\u00e4rts": "zur\u00fcck", 
          "starten": "starten", 
          "stop": "stop", 
          "stoppe": "stop", 
          "stoppen": "stop", 
          "uberspringen": "vor", 
          "vor": "vor", 
          "vorherige": "zur\u00fcck", 
          "vorherigen": "zur\u00fcck", 
          "vorheriger": "zur\u00fcck", 
          "vorheriges": "zur\u00fcck", 
          "vorne": "vor", 
          "vorwarts": "vor", 
          "vorw\u00e4rts": "vor", 
          "weiter": "vor", 
          "weiterspielen": "play", 
          "zuruck": "zur\u00fcck", 
          "zur\u00fcck": "zur\u00fcck", 
          "\u00dcberspringen": "vor", 
          "\u00fcberspringen": "vor"
        }
      }, 
      "de.fhem.NumericType": {
        "automatically_extensible": false, 
        "utterances": {
          "Batterie": "Batterie", 
          "Batteriestand": "Batterie", 
          "Batteriestatus": "Batterie", 
          "Batteriezustand": "Batterie", 
          "Eingestellt": "Sollwert", 
          "Eingestellte Temperatur": "Sollwert", 
          "Farbtemperatur": "Temperatur", 
          "Feuchte": "Luftfeuchtigkeit", 
          "Gemessene Temperatur": "Temperatur", 
          "Gestellt": "Sollwert", 
          "Helligkeit": "Helligkeit", 
          "Ladestand": "Batterie", 
          "Ladestatus": "Batterie", 
          "Ladezustand": "Batterie", 
          "Lautstarke": "Lautst\u00e4rke", 
          "Lautst\u00e4rke": "Lautst\u00e4rke", 
          "Luftfeuchte": "Luftfeuchtigkeit", 
          "Luftfeuchtigkeit": "Luftfeuchtigkeit", 
          "Sollwert": "Sollwert", 
          "Temperatur": "Temperatur", 
          "Wasserstand": "Wasserstand", 
          "Wie Feucht": "Luftfeuchtigkeit", 
          "Wie Hei\u00df": "Temperatur", 
          "Wie Hell": "Helligkeit", 
          "Wie Kalt": "Temperatur", 
          "Wie Laut": "Lautst\u00e4rke", 
          "Wie Viel Liter": "Wasserstand", 
          "Wie Viel Wasser": "Wasserstand", 
          "Wie Warm": "Temperatur", 
          "Wieviel Liter": "Wasserstand", 
          "Wieviel Wasser": "Wasserstand", 
          "batterie": "Batterie", 
          "batteriestand": "Batterie", 
          "batteriestatus": "Batterie", 
          "batteriezustand": "Batterie", 
          "eingestellt": "Sollwert", 
          "eingestellte Temperatur": "Sollwert", 
          "eingestellte temperatur": "Sollwert", 
          "farbtemperatur": "Temperatur", 
          "feuchte": "Luftfeuchtigkeit", 
          "gemessene Temperatur": "Temperatur", 
          "gemessene temperatur": "Temperatur", 
          "gestellt": "Sollwert", 
          "helligkeit": "Helligkeit", 
          "ladestand": "Batterie", 
          "ladestatus": "Batterie", 
          "ladezustand": "Batterie", 
          "lautstarke": "Lautst\u00e4rke", 
          "lautst\u00e4rke": "Lautst\u00e4rke", 
          "luftfeuchte": "Luftfeuchtigkeit", 
          "luftfeuchtigkeit": "Luftfeuchtigkeit", 
          "sollwert": "Sollwert", 
          "temperatur": "Temperatur", 
          "wasserstand": "Wasserstand", 
          "wie feucht": "Luftfeuchtigkeit", 
          "wie hei\u00df": "Temperatur", 
          "wie hell": "Helligkeit", 
          "wie kalt": "Temperatur", 
          "wie laut": "Lautst\u00e4rke", 
          "wie viel Liter": "Wasserstand", 
          "wie viel Wasser": "Wasserstand", 
          "wie viel liter": "Wasserstand", 
          "wie viel wasser": "Wasserstand", 
          "wie warm": "Temperatur", 
          "wieviel Liter": "Wasserstand", 
          "wieviel Wasser": "Wasserstand", 
          "wieviel liter": "Wasserstand", 
          "wieviel wasser": "Wasserstand"
        }
      }, 
      "de.fhem.OnOffStatus": {
        "automatically_extensible": false, 
        "utterances": {
          "1": "an", 
          "Abgeschaltet": "aus", 
          "Aktiv": "l\u00e4uft", 
          "An": "an", 
          "Angeschaltet": "an", 
          "Auf": "auf", 
          "Aus": "aus", 
          "Ausgeschaltet": "aus", 
          "Ein": "an", 
          "Eingeschaltet": "an", 
          "Fertig": "fertig", 
          "Geoffnet": "auf", 
          "Geschlossen": "zu", 
          "Gestoppt": "fertig", 
          "Ge\u00f6ffnet": "auf", 
          "Lauft": "l\u00e4uft", 
          "L\u00e4uft": "l\u00e4uft", 
          "Offen": "auf", 
          "Zu": "zu", 
          "abgeschaltet": "aus", 
          "aktiv": "l\u00e4uft", 
          "an": "an", 
          "angeschaltet": "an", 
          "auf": "auf", 
          "aus": "aus", 
          "ausgeschaltet": "aus", 
          "ein": "an", 
          "eingeschaltet": "an", 
          "eins": "an", 
          "fertig": "fertig", 
          "geoffnet": "auf", 
          "geschlossen": "zu", 
          "gestoppt": "fertig", 
          "ge\u00f6ffnet": "auf", 
          "lauft": "l\u00e4uft", 
          "l\u00e4uft": "l\u00e4uft", 
          "offen": "auf", 
          "zu": "zu"
        }
      }, 
      "de.fhem.OnOffValue": {
        "automatically_extensible": false, 
        "utterances": {
          "1": "an", 
          "Ab": "aus", 
          "Abschalten": "aus", 
          "Aktiviere": "an", 
          "An": "an", 
          "Anmachen": "an", 
          "Anschalten": "an", 
          "Auf": "aus", 
          "Aus": "aus", 
          "Ausfahren": "an", 
          "Ausmachen": "aus", 
          "Ausschalten": "aus", 
          "Deaktiviere": "aus", 
          "Ein": "an", 
          "Einfahren": "aus", 
          "Einschalten": "an", 
          "Offne": "aus", 
          "Offnen": "aus", 
          "Rauf": "aus", 
          "Raus": "an", 
          "Rausfahren": "an", 
          "Rein": "aus", 
          "Reinfahren": "aus", 
          "Runter": "an", 
          "Schlie\u00dfe": "an", 
          "Schlie\u00dfen": "an", 
          "Zu": "an", 
          "ab": "aus", 
          "abschalten": "aus", 
          "aktiviere": "an", 
          "an": "an", 
          "anmachen": "an", 
          "anschalten": "an", 
          "auf": "aus", 
          "aus": "aus", 
          "ausfahren": "an", 
          "ausmachen": "aus", 
          "ausschalten": "aus", 
          "deaktiviere": "aus", 
          "ein": "an", 
          "einfahren": "aus", 
          "eins": "an", 
          "einschalten": "an", 
          "offne": "aus", 
          "offnen": "aus", 
          "rauf": "aus", 
          "raus": "an", 
          "rausfahren": "an", 
          "rein": "aus", 
          "reinfahren": "aus", 
          "runter": "an", 
          "schlie\u00dfe": "an", 
          "schlie\u00dfen": "an", 
          "zu": "an", 
          "\u00d6ffne": "aus", 
          "\u00d6ffnen": "aus", 
          "\u00f6ffne": "aus", 
          "\u00f6ffnen": "aus"
        }
      }, 
      "de.fhem.Room": {
        "automatically_extensible": false, 
        "utterances": {
          "Standardraum": "Standardraum", 
          "standardraum": "Standardraum"
        }
      }, 
      "de.fhem.Shortcuts": {
        "automatically_extensible": false, 
        "utterances": {
          "StandardShortcut": "StandardShortcut", 
          "standardshortcut": "standardshortcut"
        }
      }, 
      "de.fhem.Unit": {
        "automatically_extensible": false, 
        "utterances": {
          "Prozent": "Prozent", 
          "prozent": "Prozent"
        }
      }
    }, 
    "language_code": "de", 
    "slot_name_mappings": {
      "Thyraz:GetNumeric": {
        "Device": "de.fhem.Device", 
        "Room": "de.fhem.Room", 
        "Type": "de.fhem.NumericType"
      }, 
      "Thyraz:GetOnOff": {
        "Device": "de.fhem.Device", 
        "Room": "de.fhem.Room", 
        "Status": "de.fhem.OnOffStatus"
      }, 
      "Thyraz:MediaChannels": {
        "Channel": "de.fhem.MediaChannels", 
        "Device": "de.fhem.Device", 
        "Room": "de.fhem.Room"
      }, 
      "Thyraz:MediaControls": {
        "Command": "de.fhem.MediaControlCommand", 
        "Device": "de.fhem.Device", 
        "Room": "de.fhem.Room"
      }, 
      "Thyraz:SetColor": {
        "Color": "de.fhem.Color", 
        "Device": "de.fhem.Device", 
        "Room": "de.fhem.Room"
      }, 
      "Thyraz:SetNumeric": {
        "Change": "de.fhem.ChangePercent", 
        "Device": "de.fhem.Device", 
        "Room": "de.fhem.Room", 
        "Type": "de.fhem.NumericType", 
        "Unit": "de.fhem.Unit", 
        "Value": "snips/number"
      }, 
      "Thyraz:SetOnOff": {
        "Device": "de.fhem.Device", 
        "Room": "de.fhem.Room", 
        "Value": "de.fhem.OnOffValue"
      }, 
      "Thyraz:Shortcuts": {
        "Shortcut": "de.fhem.Shortcuts"
      }, 
      "Thyraz:Status": {
        "Device": "de.fhem.Device", 
        "Room": "de.fhem.Room"
      }
    }
  }, 
  "intent_parsers": [
    "deterministic_intent_parser", 
    "probabilistic_intent_parser"
  ], 
  "model_version": "0.16.0", 
  "training_package_version": "0.16.5", 
  "unit_name": "nlu_engine"
}