{
  "id" : "proj_mxrWxAovp1k",
  "name" : "Jarvis",
  "intents" : [ {
    "id" : "Thyraz:SetNumeric",
    "type" : "registry",
    "version" : "0.0.153",
    "language" : "de",
    "slots" : [ {
      "name" : "Device",
      "id" : "slot_imported_SyTFrpFQ7",
      "entityId" : "entity_Ad5VWQeWwXb1",
      "missingQuestion" : "",
      "required" : false
    }, {
      "name" : "Room",
      "id" : "slot_imported_B1e6FB6YQX",
      "entityId" : "entity_7271G9Z2Gpyd",
      "missingQuestion" : "",
      "required" : false
    }, {
      "name" : "Value",
      "id" : "slot_imported_B1-aYH6FQm",
      "entityId" : "snips/number",
      "missingQuestion" : "",
      "required" : false
    }, {
      "name" : "Change",
      "id" : "slot_imported_ryfaKH6Km7",
      "entityId" : "entity_Q4zd6bQD1O5l",
      "missingQuestion" : "",
      "required" : false
    }, {
      "name" : "Type",
      "id" : "rJqjsM9Xm",
      "entityId" : "entity_e5PB823ZX0bO",
      "missingQuestion" : "",
      "required" : false
    }, {
      "name" : "Unit",
      "id" : "SymvbshmQ",
      "entityId" : "entity_AdEAnebMPb4D",
      "missingQuestion" : "",
      "required" : false
    } ],
    "name" : "SetNumeric"
  }, {
    "id" : "Thyraz:SetOnOff",
    "type" : "registry",
    "version" : "0.0.116",
    "language" : "de",
    "slots" : [ {
      "name" : "Device",
      "id" : "slot_imported_HyEw_6FQ7",
      "entityId" : "entity_Ad5VWQeWwXb1",
      "missingQuestion" : "",
      "required" : false
    }, {
      "name" : "Room",
      "id" : "slot_imported_rJgNv_aKmX",
      "entityId" : "entity_7271G9Z2Gpyd",
      "missingQuestion" : "",
      "required" : false
    }, {
      "name" : "Value",
      "id" : "slot_imported_rJZEvOTFmX",
      "entityId" : "entity_GqxBwnxGPVbQ",
      "missingQuestion" : "",
      "required" : false
    } ],
    "name" : "SetOnOff"
  }, {
    "id" : "Thyraz:GetOnOff",
    "type" : "registry",
    "version" : "0.0.141",
    "language" : "de",
    "slots" : [ {
      "name" : "Device",
      "id" : "HyWzSg977",
      "entityId" : "entity_Ad5VWQeWwXb1",
      "missingQuestion" : "",
      "required" : false
    }, {
      "name" : "Room",
      "id" : "HytzHg5XQ",
      "entityId" : "entity_7271G9Z2Gpyd",
      "missingQuestion" : "",
      "required" : false
    }, {
      "name" : "Status",
      "id" : "SyWQSx5mX",
      "entityId" : "entity_GqKomqzeXy92",
      "missingQuestion" : "",
      "required" : false
    } ],
    "name" : "GetOnOff"
  }, {
    "id" : "Thyraz:SetColor",
    "type" : "registry",
    "version" : "0.0.8",
    "language" : "de",
    "slots" : [ {
      "name" : "Device",
      "id" : "0zHphBVof",
      "entityId" : "entity_Ad5VWQeWwXb1",
      "missingQuestion" : "",
      "required" : false
    }, {
      "name" : "Room",
      "id" : "hWxD67zrT",
      "entityId" : "entity_7271G9Z2Gpyd",
      "missingQuestion" : "",
      "required" : false
    }, {
      "name" : "Color",
      "id" : "kkBJ_EhJp",
      "entityId" : "entity_kz9qzoKpQGZG",
      "missingQuestion" : "",
      "required" : false
    } ],
    "name" : "SetColor"
  }, {
    "id" : "Thyraz:MediaControls",
    "type" : "registry",
    "version" : "0.0.130",
    "language" : "de",
    "slots" : [ {
      "name" : "Device",
      "id" : "BJJEtQmHX",
      "entityId" : "entity_Ad5VWQeWwXb1",
      "missingQuestion" : "",
      "required" : false
    }, {
      "name" : "Room",
      "id" : "B1c5KmXSQ",
      "entityId" : "entity_7271G9Z2Gpyd",
      "missingQuestion" : "",
      "required" : false
    }, {
      "name" : "Command",
      "id" : "HJvhFQXrm",
      "entityId" : "entity_59KZppamKMx9",
      "missingQuestion" : "",
      "required" : false
    } ],
    "name" : "MediaControls"
  }, {
    "id" : "Thyraz:GetNumeric",
    "type" : "registry",
    "version" : "0.0.155",
    "language" : "de",
    "slots" : [ {
      "name" : "Device",
      "id" : "Hk9ZY6tmX",
      "entityId" : "entity_Ad5VWQeWwXb1",
      "missingQuestion" : "",
      "required" : false
    }, {
      "name" : "Room",
      "id" : "SyrzF6K7X",
      "entityId" : "entity_7271G9Z2Gpyd",
      "missingQuestion" : "",
      "required" : false
    }, {
      "name" : "Type",
      "id" : "HJdk9at77",
      "entityId" : "entity_e5PB823ZX0bO",
      "missingQuestion" : "",
      "required" : false
    } ],
    "name" : "GetNumeric"
  }, {
    "id" : "Thyraz:MediaChannels",
    "type" : "registry",
    "version" : "0.0.96",
    "language" : "de",
    "slots" : [ {
      "name" : "Channel",
      "id" : "B1V7SXmHQ",
      "entityId" : "entity_GqKBr4z3bNm2",
      "missingQuestion" : "",
      "required" : false
    }, {
      "name" : "Device",
      "id" : "rkaqHXQHX",
      "entityId" : "entity_Ad5VWQeWwXb1",
      "missingQuestion" : "",
      "required" : false
    }, {
      "name" : "Room",
      "id" : "S1dM6Q7Bm",
      "entityId" : "entity_7271G9Z2Gpyd",
      "missingQuestion" : "",
      "required" : false
    } ],
    "name" : "MediaChannels"
  }, {
    "id" : "Thyraz:Shortcuts",
    "type" : "registry",
    "version" : "0.0.4",
    "language" : "de",
    "slots" : [ {
      "name" : "Shortcut",
      "id" : "MkP9rckQ7",
      "entityId" : "entity_x7dEBo13xkz2",
      "missingQuestion" : "",
      "required" : false
    } ],
    "name" : "Shortcuts"
  }, {
    "id" : "Thyraz:Status",
    "type" : "registry",
    "version" : "0.0.12",
    "language" : "de",
    "slots" : [ {
      "name" : "Device",
      "id" : "XJLDP520X",
      "entityId" : "entity_Ad5VWQeWwXb1",
      "missingQuestion" : "",
      "required" : false
    }, {
      "name" : "Room",
      "id" : "LvwHn2D1m",
      "entityId" : "entity_7271G9Z2Gpyd",
      "missingQuestion" : "",
      "required" : false
    } ],
    "name" : "Status"
  } ],
  "createdAt" : "2018-08-24T18:12:35.093Z",
  "language" : "de",
  "version" : {
    "nluModel" : "0.16.0"
  },
  "platform" : {
    "type" : "raspberrypi"
  },
  "asr" : {
    "type" : "snips"
  },
  "analyticsEnabled" : false,
  "heartbeatEnabled" : true,
  "hotword" : "hey_snips"
}