{
  "config": {
    "crf_args": {
      "algorithm": "lbfgs", 
      "c1": 0.1, 
      "c2": 0.1
    }, 
    "data_augmentation_config": {
      "add_builtin_entities_examples": false, 
      "capitalization_ratio": 0, 
      "min_utterances": 200
    }, 
    "feature_factory_configs": [
      {
        "args": {
          "common_words_gazetteer_name": "top_200000_words_stemmed", 
          "language_code": "de", 
          "n": 1, 
          "use_stemming": true
        }, 
        "factory_name": "ngram", 
        "offsets": [
          -2, 
          -1, 
          0, 
          1, 
          2
        ]
      }, 
      {
        "args": {
          "common_words_gazetteer_name": "top_200000_words_stemmed", 
          "language_code": "de", 
          "n": 2, 
          "use_stemming": true
        }, 
        "factory_name": "ngram", 
        "offsets": [
          -2, 
          1
        ]
      }, 
      {
        "args": {
          "prefix_size": 2
        }, 
        "factory_name": "prefix", 
        "offsets": [
          0
        ]
      }, 
      {
        "args": {
          "prefix_size": 5
        }, 
        "factory_name": "prefix", 
        "offsets": [
          0
        ]
      }, 
      {
        "args": {
          "suffix_size": 2
        }, 
        "factory_name": "suffix", 
        "offsets": [
          0
        ]
      }, 
      {
        "args": {
          "suffix_size": 5
        }, 
        "factory_name": "suffix", 
        "offsets": [
          0
        ]
      }, 
      {
        "args": {}, 
        "factory_name": "is_digit", 
        "offsets": [
          -1, 
          0, 
          1
        ]
      }, 
      {
        "args": {}, 
        "factory_name": "is_first", 
        "offsets": [
          -2, 
          -1, 
          0
        ]
      }, 
      {
        "args": {}, 
        "factory_name": "is_last", 
        "offsets": [
          0, 
          1, 
          2
        ]
      }, 
      {
        "args": {
          "language_code": "de", 
          "n": 1
        }, 
        "factory_name": "shape_ngram", 
        "offsets": [
          0
        ]
      }, 
      {
        "args": {
          "language_code": "de", 
          "n": 2
        }, 
        "factory_name": "shape_ngram", 
        "offsets": [
          -1, 
          0
        ]
      }, 
      {
        "args": {
          "language_code": "de", 
          "n": 3
        }, 
        "factory_name": "shape_ngram", 
        "offsets": [
          -1
        ]
      }, 
      {
        "args": {
          "collections": {
            "de.fhem.Device": [
              "standardgerat", 
              "standardgerat", 
              "standardgerat", 
              "standardgerat"
            ], 
            "de.fhem.OnOffValue": [
              "ab", 
              "auf", 
              "schliess", 
              "schliess", 
              "an", 
              "offn", 
              "anschalt", 
              "aus", 
              "ein", 
              "offn", 
              "offn", 
              "rausfahr", 
              "zu", 
              "ausfahr", 
              "rein", 
              "anmach", 
              "reinfahr", 
              "auf", 
              "einfahr", 
              "schliess", 
              "rauf", 
              "1", 
              "anschalt", 
              "aus", 
              "offn", 
              "aktivi", 
              "ausschalt", 
              "deaktivi", 
              "schliess", 
              "reinfahr", 
              "abschalt", 
              "runt", 
              "raus", 
              "einfahr", 
              "offn", 
              "rauf", 
              "ausschalt", 
              "einschalt", 
              "anmach", 
              "ausmach", 
              "deaktivi", 
              "rein", 
              "ein", 
              "ab", 
              "abschalt", 
              "runt", 
              "rausfahr", 
              "raus", 
              "an", 
              "offn", 
              "offn", 
              "einschalt", 
              "offn", 
              "zu", 
              "ausmach", 
              "ein", 
              "ausfahr", 
              "aktivi"
            ], 
            "de.fhem.Room": [
              "standardraum", 
              "standardraum"
            ]
          }, 
          "language_code": "de", 
          "tagging_scheme_code": 2, 
          "use_stemming": true
        }, 
        "drop_out": 0.1, 
        "factory_name": "entity_match", 
        "offsets": [
          -2, 
          -1, 
          0
        ]
      }, 
      {
        "args": {
          "entity_labels": [
            "snips/amountOfMoney", 
            "snips/ordinal", 
            "snips/number", 
            "snips/duration", 
            "snips/percentage", 
            "snips/temperature", 
            "snips/datetime"
          ], 
          "language_code": "de", 
          "tagging_scheme_code": 1
        }, 
        "factory_name": "builtin_entity_match", 
        "offsets": [
          -2, 
          -1, 
          0
        ]
      }
    ], 
    "random_seed": null, 
    "tagging_scheme": 1, 
    "unit_name": "crf_slot_filler"
  }, 
  "crf_model_file": "modelDMB0hK.crfsuite", 
  "intent": "Thyraz:SetOnOff", 
  "language_code": "de", 
  "slot_name_mapping": {
    "Device": "de.fhem.Device", 
    "Room": "de.fhem.Room", 
    "Value": "de.fhem.OnOffValue"
  }, 
  "unit_name": "crf_slot_filler"
}