{
  "config": {
    "crf_args": {
      "algorithm": "lbfgs", 
      "c1": 0.1, 
      "c2": 0.1
    }, 
    "data_augmentation_config": {
      "add_builtin_entities_examples": false, 
      "capitalization_ratio": 0, 
      "min_utterances": 200
    }, 
    "feature_factory_configs": [
      {
        "args": {
          "common_words_gazetteer_name": "top_200000_words_stemmed", 
          "language_code": "de", 
          "n": 1, 
          "use_stemming": true
        }, 
        "factory_name": "ngram", 
        "offsets": [
          -2, 
          -1, 
          0, 
          1, 
          2
        ]
      }, 
      {
        "args": {
          "common_words_gazetteer_name": "top_200000_words_stemmed", 
          "language_code": "de", 
          "n": 2, 
          "use_stemming": true
        }, 
        "factory_name": "ngram", 
        "offsets": [
          -2, 
          1
        ]
      }, 
      {
        "args": {
          "prefix_size": 2
        }, 
        "factory_name": "prefix", 
        "offsets": [
          0
        ]
      }, 
      {
        "args": {
          "prefix_size": 5
        }, 
        "factory_name": "prefix", 
        "offsets": [
          0
        ]
      }, 
      {
        "args": {
          "suffix_size": 2
        }, 
        "factory_name": "suffix", 
        "offsets": [
          0
        ]
      }, 
      {
        "args": {
          "suffix_size": 5
        }, 
        "factory_name": "suffix", 
        "offsets": [
          0
        ]
      }, 
      {
        "args": {}, 
        "factory_name": "is_digit", 
        "offsets": [
          -1, 
          0, 
          1
        ]
      }, 
      {
        "args": {}, 
        "factory_name": "is_first", 
        "offsets": [
          -2, 
          -1, 
          0
        ]
      }, 
      {
        "args": {}, 
        "factory_name": "is_last", 
        "offsets": [
          0, 
          1, 
          2
        ]
      }, 
      {
        "args": {
          "language_code": "de", 
          "n": 1
        }, 
        "factory_name": "shape_ngram", 
        "offsets": [
          0
        ]
      }, 
      {
        "args": {
          "language_code": "de", 
          "n": 2
        }, 
        "factory_name": "shape_ngram", 
        "offsets": [
          -1, 
          0
        ]
      }, 
      {
        "args": {
          "language_code": "de", 
          "n": 3
        }, 
        "factory_name": "shape_ngram", 
        "offsets": [
          -1
        ]
      }, 
      {
        "args": {
          "collections": {
            "de.fhem.Device": [
              "standardgerat", 
              "standardgerat", 
              "standardgerat", 
              "standardgerat"
            ], 
            "de.fhem.MediaControlCommand": [
              "vorher", 
              "paus", 
              "anhalt", 
              "vorwart", 
              "ruckwart", 
              "beend", 
              "uberspring", 
              "nach", 
              "nach", 
              "weiterspiel", 
              "start", 
              "nach", 
              "letzt", 
              "nach", 
              "vorn", 
              "zuruck", 
              "letzt", 
              "vor", 
              "nach", 
              "vorher", 
              "vorher", 
              "stopp", 
              "vorher", 
              "play", 
              "paus", 
              "uberspring", 
              "vorn", 
              "ruckwart", 
              "beend", 
              "vorwart", 
              "nach", 
              "nach", 
              "weit", 
              "nach", 
              "letzt", 
              "zuruck", 
              "nach", 
              "nach", 
              "vorwart", 
              "nach", 
              "letzt", 
              "zuruck", 
              "weiterspiel", 
              "nach", 
              "vorher", 
              "play", 
              "pausi", 
              "vorwart", 
              "letzt", 
              "stop", 
              "start", 
              "letzt", 
              "letzt", 
              "letzt", 
              "nach", 
              "vorher", 
              "stop", 
              "nach", 
              "stopp", 
              "anhalt", 
              "fortsetz", 
              "ruckwart", 
              "fortsetz", 
              "uberspring", 
              "zuruck", 
              "uberspring", 
              "vorher", 
              "weit", 
              "ruckwart", 
              "nach", 
              "vor", 
              "vorher", 
              "pausi", 
              "stopp", 
              "stopp", 
              "nach"
            ], 
            "de.fhem.Room": [
              "standardraum", 
              "standardraum"
            ]
          }, 
          "language_code": "de", 
          "tagging_scheme_code": 2, 
          "use_stemming": true
        }, 
        "drop_out": 0.1, 
        "factory_name": "entity_match", 
        "offsets": [
          -2, 
          -1, 
          0
        ]
      }, 
      {
        "args": {
          "entity_labels": [
            "snips/amountOfMoney", 
            "snips/ordinal", 
            "snips/number", 
            "snips/duration", 
            "snips/percentage", 
            "snips/temperature", 
            "snips/datetime"
          ], 
          "language_code": "de", 
          "tagging_scheme_code": 1
        }, 
        "factory_name": "builtin_entity_match", 
        "offsets": [
          -2, 
          -1, 
          0
        ]
      }
    ], 
    "random_seed": null, 
    "tagging_scheme": 1, 
    "unit_name": "crf_slot_filler"
  }, 
  "crf_model_file": "model3gVqw6.crfsuite", 
  "intent": "Thyraz:MediaControls", 
  "language_code": "de", 
  "slot_name_mapping": {
    "Command": "de.fhem.MediaControlCommand", 
    "Device": "de.fhem.Device", 
    "Room": "de.fhem.Room"
  }, 
  "unit_name": "crf_slot_filler"
}