{
  "config": {
    "crf_args": {
      "algorithm": "lbfgs", 
      "c1": 0.1, 
      "c2": 0.1
    }, 
    "data_augmentation_config": {
      "add_builtin_entities_examples": false, 
      "capitalization_ratio": 0, 
      "min_utterances": 200
    }, 
    "feature_factory_configs": [
      {
        "args": {
          "common_words_gazetteer_name": "top_200000_words_stemmed", 
          "language_code": "de", 
          "n": 1, 
          "use_stemming": true
        }, 
        "factory_name": "ngram", 
        "offsets": [
          -2, 
          -1, 
          0, 
          1, 
          2
        ]
      }, 
      {
        "args": {
          "common_words_gazetteer_name": "top_200000_words_stemmed", 
          "language_code": "de", 
          "n": 2, 
          "use_stemming": true
        }, 
        "factory_name": "ngram", 
        "offsets": [
          -2, 
          1
        ]
      }, 
      {
        "args": {
          "prefix_size": 2
        }, 
        "factory_name": "prefix", 
        "offsets": [
          0
        ]
      }, 
      {
        "args": {
          "prefix_size": 5
        }, 
        "factory_name": "prefix", 
        "offsets": [
          0
        ]
      }, 
      {
        "args": {
          "suffix_size": 2
        }, 
        "factory_name": "suffix", 
        "offsets": [
          0
        ]
      }, 
      {
        "args": {
          "suffix_size": 5
        }, 
        "factory_name": "suffix", 
        "offsets": [
          0
        ]
      }, 
      {
        "args": {}, 
        "factory_name": "is_digit", 
        "offsets": [
          -1, 
          0, 
          1
        ]
      }, 
      {
        "args": {}, 
        "factory_name": "is_first", 
        "offsets": [
          -2, 
          -1, 
          0
        ]
      }, 
      {
        "args": {}, 
        "factory_name": "is_last", 
        "offsets": [
          0, 
          1, 
          2
        ]
      }, 
      {
        "args": {
          "language_code": "de", 
          "n": 1
        }, 
        "factory_name": "shape_ngram", 
        "offsets": [
          0
        ]
      }, 
      {
        "args": {
          "language_code": "de", 
          "n": 2
        }, 
        "factory_name": "shape_ngram", 
        "offsets": [
          -1, 
          0
        ]
      }, 
      {
        "args": {
          "language_code": "de", 
          "n": 3
        }, 
        "factory_name": "shape_ngram", 
        "offsets": [
          -1
        ]
      }, 
      {
        "args": {
          "collections": {
            "de.fhem.ChangePercent": [
              "hoh", 
              "hell", 
              "weit rauf", 
              "weit zu", 
              "klein", 
              "leis", 
              "erhoh", 
              "warm", 
              "laut", 
              "gross", 
              "weit offn", 
              "weit offn", 
              "niedrig", 
              "weit offn", 
              "dunkl", 
              "hoh", 
              "weit auf", 
              "gross", 
              "hell", 
              "verring", 
              "kalt", 
              "weit offn", 
              "klein", 
              "weit schliess", 
              "gross", 
              "weit schliess", 
              "niedrig", 
              "verring", 
              "gross", 
              "kalt", 
              "weit runt", 
              "warm", 
              "kalt", 
              "kalt", 
              "erhoh", 
              "weit rauf", 
              "weit zu", 
              "dunkl", 
              "weit hoch", 
              "hoh", 
              "warm", 
              "hoh", 
              "leis", 
              "erhoh", 
              "warm", 
              "laut", 
              "erhoh", 
              "weit hoch", 
              "weit runt", 
              "weit auf"
            ], 
            "de.fhem.Device": [
              "standardgerat", 
              "standardgerat", 
              "standardgerat", 
              "standardgerat"
            ], 
            "de.fhem.NumericType": [
              "eingestellt temperatur", 
              "wieviel lit", 
              "lautstark", 
              "batteriestand", 
              "wie heiss", 
              "wie laut", 
              "wie warm", 
              "wieviel wass", 
              "wie feucht", 
              "farbtemperatur", 
              "ladestand", 
              "hellig", 
              "eingestellt temperatur", 
              "standardtyp", 
              "feucht", 
              "ladezustand", 
              "wie warm", 
              "stell", 
              "batteriestatus", 
              "batteriezustand", 
              "batteriestand", 
              "wie viel lit", 
              "ladestatus", 
              "wieviel wass", 
              "wie viel lit", 
              "wieviel lit", 
              "ladestand", 
              "einstell", 
              "hellig", 
              "wasserstand", 
              "lautstark", 
              "standardtyp", 
              "wie kalt", 
              "ladezustand", 
              "wie hell", 
              "feucht", 
              "wie viel wass", 
              "batteriezustand", 
              "lautstark", 
              "wie heiss", 
              "wie viel wass", 
              "ladestatus", 
              "wieviel wass", 
              "luftfeucht", 
              "eingestellt temperatur", 
              "batteriestatus", 
              "wasserstand", 
              "lautstark", 
              "luftfeucht", 
              "sollwert", 
              "gemess temperatur", 
              "wie viel wass", 
              "luftfeuchte", 
              "wie laut", 
              "batteri", 
              "wieviel lit", 
              "gemess temperatur", 
              "temperatur", 
              "wie viel lit", 
              "farbtemperatur", 
              "batteri", 
              "wie feucht", 
              "temperatur", 
              "wie hell", 
              "wie kalt", 
              "sollwert", 
              "stell", 
              "gemess temperatur", 
              "einstell", 
              "luftfeuchte"
            ], 
            "de.fhem.Room": [
              "standardraum", 
              "standardraum"
            ], 
            "de.fhem.Unit": [
              "prozent", 
              "prozent"
            ]
          }, 
          "language_code": "de", 
          "tagging_scheme_code": 2, 
          "use_stemming": true
        }, 
        "drop_out": 0.1, 
        "factory_name": "entity_match", 
        "offsets": [
          -2, 
          -1, 
          0
        ]
      }, 
      {
        "args": {
          "entity_labels": [
            "snips/amountOfMoney", 
            "snips/ordinal", 
            "snips/number", 
            "snips/duration", 
            "snips/percentage", 
            "snips/temperature", 
            "snips/datetime"
          ], 
          "language_code": "de", 
          "tagging_scheme_code": 1
        }, 
        "factory_name": "builtin_entity_match", 
        "offsets": [
          -2, 
          -1, 
          0
        ]
      }
    ], 
    "random_seed": null, 
    "tagging_scheme": 1, 
    "unit_name": "crf_slot_filler"
  }, 
  "crf_model_file": "modelgzQNuW.crfsuite", 
  "intent": "Thyraz:SetNumeric", 
  "language_code": "de", 
  "slot_name_mapping": {
    "Change": "de.fhem.ChangePercent", 
    "Device": "de.fhem.Device", 
    "Room": "de.fhem.Room", 
    "Type": "de.fhem.NumericType", 
    "Unit": "de.fhem.Unit", 
    "Value": "snips/number"
  }, 
  "unit_name": "crf_slot_filler"
}