{
  "config": {
    "max_pattern_length": 1000, 
    "max_queries": 100, 
    "unit_name": "deterministic_intent_parser"
  }, 
  "group_names_to_slot_names": {
    "group_0": "Device", 
    "group_1": "Room", 
    "group_10": "Value", 
    "group_100": "Channel", 
    "group_101": "Device", 
    "group_102": "Channel", 
    "group_103": "Device", 
    "group_104": "Room", 
    "group_105": "Channel", 
    "group_106": "Device", 
    "group_107": "Room", 
    "group_108": "Channel", 
    "group_109": "Device", 
    "group_11": "Device", 
    "group_110": "Room", 
    "group_111": "Channel", 
    "group_112": "Device", 
    "group_113": "Channel", 
    "group_114": "Device", 
    "group_115": "Channel", 
    "group_116": "Device", 
    "group_117": "Channel", 
    "group_118": "Device", 
    "group_119": "Channel", 
    "group_12": "Value", 
    "group_120": "Device", 
    "group_121": "Channel", 
    "group_122": "Status", 
    "group_123": "Device", 
    "group_124": "Room", 
    "group_125": "Device", 
    "group_126": "Status", 
    "group_127": "Device", 
    "group_128": "Room", 
    "group_129": "Status", 
    "group_13": "Value", 
    "group_130": "Device", 
    "group_131": "Status", 
    "group_132": "Device", 
    "group_133": "Room", 
    "group_134": "Status", 
    "group_135": "Device", 
    "group_136": "Status", 
    "group_137": "Device", 
    "group_138": "Room", 
    "group_139": "Status", 
    "group_14": "Device", 
    "group_140": "Device", 
    "group_141": "Room", 
    "group_142": "Status", 
    "group_143": "Status", 
    "group_144": "Device", 
    "group_145": "Status", 
    "group_146": "Device", 
    "group_147": "Status", 
    "group_148": "Device", 
    "group_149": "Room", 
    "group_15": "Room", 
    "group_150": "Shortcut", 
    "group_151": "Device", 
    "group_152": "Room", 
    "group_153": "Color", 
    "group_154": "Device", 
    "group_155": "Color", 
    "group_156": "Device", 
    "group_157": "Color", 
    "group_158": "Device", 
    "group_159": "Room", 
    "group_16": "Device", 
    "group_160": "Color", 
    "group_161": "Device", 
    "group_162": "Color", 
    "group_163": "Device", 
    "group_164": "Room", 
    "group_165": "Color", 
    "group_166": "Device", 
    "group_167": "Color", 
    "group_168": "Device", 
    "group_169": "Color", 
    "group_17": "Room", 
    "group_170": "Device", 
    "group_171": "Room", 
    "group_172": "Color", 
    "group_173": "Device", 
    "group_174": "Color", 
    "group_175": "Device", 
    "group_176": "Room", 
    "group_177": "Color", 
    "group_178": "Device", 
    "group_179": "Color", 
    "group_18": "Value", 
    "group_180": "Device", 
    "group_181": "Room", 
    "group_182": "Color", 
    "group_183": "Device", 
    "group_184": "Color", 
    "group_185": "Device", 
    "group_186": "Room", 
    "group_187": "Color", 
    "group_188": "Device", 
    "group_189": "Color", 
    "group_19": "Device", 
    "group_190": "Device", 
    "group_191": "Room", 
    "group_192": "Color", 
    "group_193": "Device", 
    "group_194": "Room", 
    "group_195": "Color", 
    "group_196": "Device", 
    "group_197": "Color", 
    "group_198": "Device", 
    "group_199": "Color", 
    "group_2": "Value", 
    "group_20": "Room", 
    "group_200": "Device", 
    "group_201": "Room", 
    "group_202": "Color", 
    "group_203": "Device", 
    "group_204": "Room", 
    "group_205": "Device", 
    "group_206": "Device", 
    "group_207": "Device", 
    "group_208": "Room", 
    "group_209": "Device", 
    "group_21": "Value", 
    "group_210": "Room", 
    "group_211": "Device", 
    "group_212": "Room", 
    "group_213": "Device", 
    "group_214": "Room", 
    "group_215": "Device", 
    "group_216": "Room", 
    "group_217": "Device", 
    "group_218": "Room", 
    "group_219": "Device", 
    "group_22": "Device", 
    "group_220": "Device", 
    "group_221": "Room", 
    "group_222": "Device", 
    "group_223": "Room", 
    "group_224": "Device", 
    "group_225": "Device", 
    "group_226": "Device", 
    "group_227": "Device", 
    "group_228": "Device", 
    "group_229": "Device", 
    "group_23": "Value", 
    "group_230": "Room", 
    "group_231": "Device", 
    "group_232": "Room", 
    "group_233": "Device", 
    "group_234": "Room", 
    "group_235": "Device", 
    "group_236": "Room", 
    "group_237": "Device", 
    "group_238": "Room", 
    "group_239": "Device", 
    "group_24": "Device", 
    "group_240": "Room", 
    "group_241": "Value", 
    "group_242": "Unit", 
    "group_243": "Change", 
    "group_244": "Device", 
    "group_245": "Room", 
    "group_246": "Value", 
    "group_247": "Change", 
    "group_248": "Device", 
    "group_249": "Value", 
    "group_25": "Room", 
    "group_250": "Change", 
    "group_251": "Device", 
    "group_252": "Room", 
    "group_253": "Value", 
    "group_254": "Device", 
    "group_255": "Value", 
    "group_256": "Unit", 
    "group_257": "Device", 
    "group_258": "Value", 
    "group_259": "Device", 
    "group_26": "Value", 
    "group_260": "Room", 
    "group_261": "Value", 
    "group_262": "Unit", 
    "group_263": "Change", 
    "group_264": "Device", 
    "group_265": "Room", 
    "group_266": "Value", 
    "group_267": "Change", 
    "group_268": "Type", 
    "group_269": "Device", 
    "group_27": "Device", 
    "group_270": "Room", 
    "group_271": "Value", 
    "group_272": "Unit", 
    "group_273": "Change", 
    "group_274": "Device", 
    "group_275": "Room", 
    "group_276": "Value", 
    "group_277": "Unit", 
    "group_278": "Change", 
    "group_279": "Device", 
    "group_28": "Value", 
    "group_280": "Value", 
    "group_281": "Unit", 
    "group_282": "Change", 
    "group_283": "Type", 
    "group_284": "Device", 
    "group_285": "Value", 
    "group_286": "Unit", 
    "group_287": "Type", 
    "group_288": "Device", 
    "group_289": "Room", 
    "group_29": "Device", 
    "group_290": "Value", 
    "group_291": "Unit", 
    "group_292": "Type", 
    "group_293": "Device", 
    "group_294": "Room", 
    "group_295": "Value", 
    "group_296": "Type", 
    "group_297": "Device", 
    "group_298": "Room", 
    "group_299": "Value", 
    "group_3": "Device", 
    "group_30": "Room", 
    "group_300": "Device", 
    "group_301": "Value", 
    "group_302": "Device", 
    "group_303": "Value", 
    "group_304": "Device", 
    "group_305": "Room", 
    "group_306": "Value", 
    "group_307": "Device", 
    "group_308": "Value", 
    "group_309": "Device", 
    "group_31": "Value", 
    "group_310": "Value", 
    "group_311": "Unit", 
    "group_312": "Device", 
    "group_313": "Value", 
    "group_314": "Unit", 
    "group_315": "Device", 
    "group_316": "Value", 
    "group_317": "Unit", 
    "group_318": "Device", 
    "group_319": "Room", 
    "group_32": "Device", 
    "group_320": "Value", 
    "group_321": "Unit", 
    "group_322": "Device", 
    "group_323": "Room", 
    "group_324": "Value", 
    "group_325": "Device", 
    "group_326": "Room", 
    "group_327": "Value", 
    "group_328": "Unit", 
    "group_329": "Device", 
    "group_33": "Room", 
    "group_330": "Room", 
    "group_331": "Change", 
    "group_332": "Device", 
    "group_333": "Room", 
    "group_334": "Change", 
    "group_335": "Device", 
    "group_336": "Change", 
    "group_337": "Device", 
    "group_338": "Change", 
    "group_339": "Device", 
    "group_34": "Value", 
    "group_340": "Room", 
    "group_341": "Change", 
    "group_342": "Device", 
    "group_343": "Change", 
    "group_344": "Device", 
    "group_345": "Room", 
    "group_346": "Change", 
    "group_347": "Device", 
    "group_348": "Room", 
    "group_349": "Change", 
    "group_35": "Device", 
    "group_350": "Device", 
    "group_351": "Room", 
    "group_352": "Change", 
    "group_353": "Device", 
    "group_354": "Room", 
    "group_355": "Change", 
    "group_356": "Device", 
    "group_357": "Change", 
    "group_358": "Device", 
    "group_359": "Room", 
    "group_36": "Value", 
    "group_360": "Change", 
    "group_361": "Device", 
    "group_362": "Room", 
    "group_363": "Change", 
    "group_364": "Device", 
    "group_365": "Change", 
    "group_366": "Device", 
    "group_367": "Value", 
    "group_368": "Unit", 
    "group_369": "Device", 
    "group_37": "Device", 
    "group_370": "Room", 
    "group_371": "Value", 
    "group_372": "Unit", 
    "group_373": "Device", 
    "group_374": "Room", 
    "group_375": "Value", 
    "group_376": "Unit", 
    "group_377": "Device", 
    "group_378": "Room", 
    "group_379": "Change", 
    "group_38": "Value", 
    "group_380": "Device", 
    "group_381": "Value", 
    "group_382": "Unit", 
    "group_383": "Change", 
    "group_384": "Device", 
    "group_385": "Room", 
    "group_386": "Value", 
    "group_387": "Unit", 
    "group_388": "Change", 
    "group_389": "Device", 
    "group_39": "Room", 
    "group_390": "Room", 
    "group_391": "Value", 
    "group_392": "Unit", 
    "group_393": "Change", 
    "group_394": "Command", 
    "group_395": "Command", 
    "group_396": "Command", 
    "group_397": "Device", 
    "group_398": "Command", 
    "group_399": "Device", 
    "group_4": "Value", 
    "group_40": "Device", 
    "group_400": "Command", 
    "group_401": "Command", 
    "group_402": "Device", 
    "group_403": "Command", 
    "group_404": "Device", 
    "group_405": "Room", 
    "group_406": "Command", 
    "group_407": "Device", 
    "group_408": "Device", 
    "group_409": "Command", 
    "group_41": "Value", 
    "group_410": "Device", 
    "group_411": "Room", 
    "group_412": "Command", 
    "group_413": "Command", 
    "group_414": "Command", 
    "group_415": "Command", 
    "group_416": "Device", 
    "group_417": "Command", 
    "group_418": "Room", 
    "group_419": "Command", 
    "group_42": "Device", 
    "group_420": "Command", 
    "group_421": "Room", 
    "group_422": "Command", 
    "group_423": "Device", 
    "group_424": "Room", 
    "group_425": "Command", 
    "group_426": "Device", 
    "group_427": "Command", 
    "group_428": "Room", 
    "group_429": "Command", 
    "group_43": "Value", 
    "group_430": "Device", 
    "group_431": "Room", 
    "group_432": "Command", 
    "group_433": "Device", 
    "group_434": "Command", 
    "group_435": "Command", 
    "group_436": "Command", 
    "group_437": "Command", 
    "group_438": "Command", 
    "group_439": "Device", 
    "group_44": "Value", 
    "group_440": "Command", 
    "group_441": "Command", 
    "group_442": "Command", 
    "group_443": "Device", 
    "group_444": "Command", 
    "group_445": "Device", 
    "group_446": "Device", 
    "group_447": "Room", 
    "group_448": "Command", 
    "group_449": "Command", 
    "group_45": "Device", 
    "group_450": "Command", 
    "group_451": "Command", 
    "group_452": "Command", 
    "group_453": "Device", 
    "group_454": "Room", 
    "group_455": "Command", 
    "group_456": "Device", 
    "group_457": "Command", 
    "group_458": "Device", 
    "group_459": "Command", 
    "group_46": "Value", 
    "group_460": "Device", 
    "group_461": "Command", 
    "group_462": "Device", 
    "group_463": "Command", 
    "group_464": "Device", 
    "group_465": "Room", 
    "group_466": "Command", 
    "group_467": "Room", 
    "group_468": "Command", 
    "group_469": "Type", 
    "group_47": "Device", 
    "group_470": "Device", 
    "group_471": "Type", 
    "group_472": "Device", 
    "group_473": "Type", 
    "group_474": "Device", 
    "group_475": "Room", 
    "group_476": "Type", 
    "group_477": "Room", 
    "group_478": "Type", 
    "group_479": "Room", 
    "group_48": "Room", 
    "group_480": "Type", 
    "group_481": "Room", 
    "group_482": "Type", 
    "group_483": "Device", 
    "group_484": "Room", 
    "group_485": "Type", 
    "group_486": "Device", 
    "group_487": "Type", 
    "group_488": "Device", 
    "group_489": "Type", 
    "group_49": "Channel", 
    "group_490": "Device", 
    "group_491": "Type", 
    "group_492": "Device", 
    "group_493": "Type", 
    "group_494": "Device", 
    "group_495": "Room", 
    "group_496": "Device", 
    "group_497": "Room", 
    "group_498": "Type", 
    "group_499": "Device", 
    "group_5": "Value", 
    "group_50": "Device", 
    "group_500": "Room", 
    "group_501": "Type", 
    "group_502": "Type", 
    "group_503": "Device", 
    "group_504": "Room", 
    "group_505": "Type", 
    "group_506": "Room", 
    "group_507": "Type", 
    "group_508": "Device", 
    "group_509": "Room", 
    "group_51": "Room", 
    "group_510": "Type", 
    "group_511": "Device", 
    "group_512": "Type", 
    "group_513": "Device", 
    "group_514": "Type", 
    "group_515": "Device", 
    "group_516": "Room", 
    "group_517": "Type", 
    "group_518": "Device", 
    "group_519": "Room", 
    "group_52": "Channel", 
    "group_520": "Type", 
    "group_521": "Device", 
    "group_522": "Type", 
    "group_523": "Device", 
    "group_524": "Type", 
    "group_525": "Device", 
    "group_526": "Type", 
    "group_527": "Device", 
    "group_528": "Room", 
    "group_529": "Type", 
    "group_53": "Channel", 
    "group_530": "Device", 
    "group_531": "Room", 
    "group_532": "Type", 
    "group_533": "Room", 
    "group_534": "Type", 
    "group_535": "Device", 
    "group_54": "Channel", 
    "group_55": "Channel", 
    "group_56": "Channel", 
    "group_57": "Channel", 
    "group_58": "Device", 
    "group_59": "Channel", 
    "group_6": "Device", 
    "group_60": "Channel", 
    "group_61": "Device", 
    "group_62": "Channel", 
    "group_63": "Channel", 
    "group_64": "Channel", 
    "group_65": "Channel", 
    "group_66": "Channel", 
    "group_67": "Room", 
    "group_68": "Channel", 
    "group_69": "Room", 
    "group_7": "Value", 
    "group_70": "Channel", 
    "group_71": "Room", 
    "group_72": "Channel", 
    "group_73": "Room", 
    "group_74": "Device", 
    "group_75": "Channel", 
    "group_76": "Device", 
    "group_77": "Room", 
    "group_78": "Device", 
    "group_79": "Room", 
    "group_8": "Device", 
    "group_80": "Channel", 
    "group_81": "Channel", 
    "group_82": "Channel", 
    "group_83": "Channel", 
    "group_84": "Room", 
    "group_85": "Channel", 
    "group_86": "Channel", 
    "group_87": "Device", 
    "group_88": "Room", 
    "group_89": "Channel", 
    "group_9": "Device", 
    "group_90": "Device", 
    "group_91": "Channel", 
    "group_92": "Device", 
    "group_93": "Channel", 
    "group_94": "Device", 
    "group_95": "Channel", 
    "group_96": "Device", 
    "group_97": "Room", 
    "group_98": "Device", 
    "group_99": "Room"
  }, 
  "language_code": "de", 
  "patterns": {
    "Thyraz:GetNumeric": [
      "^\\s*(?P<group_471>eingestellte\\s*temperatur|gemessene\\s*temperatur|wie\\s*viel\\s*wasser|wie\\s*viel\\s*liter|wieviel\\s*wasser|luftfeuchtigkeit|batteriezustand|wieviel\\s*liter|farbtemperatur|batteriestatus|batteriestand|wie\\s*feucht|eingestellt|ladezustand|wasserstand|luftfeuchte|wie\\s*warm|helligkeit|wie\\s*hell|wie\\s*laut|wie\\s*hei\u00df|ladestatus|lautstarke|lautst\u00e4rke|temperatur|wie\\s*kalt|ladestand|gestellt|batterie|sollwert|feuchte)\\s*ist\\s*im\\s*(?P<group_472>standardgerat|standardger\u00e4t)\\s*$", 
      "^\\s*(?P<group_476>eingestellte\\s*temperatur|gemessene\\s*temperatur|wie\\s*viel\\s*wasser|wie\\s*viel\\s*liter|wieviel\\s*wasser|luftfeuchtigkeit|batteriezustand|wieviel\\s*liter|farbtemperatur|batteriestatus|batteriestand|wie\\s*feucht|eingestellt|ladezustand|wasserstand|luftfeuchte|wie\\s*warm|helligkeit|wie\\s*hell|wie\\s*laut|wie\\s*hei\u00df|ladestatus|lautstarke|lautst\u00e4rke|temperatur|wie\\s*kalt|ladestand|gestellt|batterie|sollwert|feuchte)\\s*(?P<group_477>standardraum)\\s*$", 
      "^\\s*wie\\s*weit\\s*ist\\s*die\\s*(?P<group_485>eingestellte\\s*temperatur|gemessene\\s*temperatur|wie\\s*viel\\s*wasser|wie\\s*viel\\s*liter|wieviel\\s*wasser|luftfeuchtigkeit|batteriezustand|wieviel\\s*liter|farbtemperatur|batteriestatus|batteriestand|wie\\s*feucht|eingestellt|ladezustand|wasserstand|luftfeuchte|wie\\s*warm|helligkeit|wie\\s*hell|wie\\s*laut|wie\\s*hei\u00df|ladestatus|lautstarke|lautst\u00e4rke|temperatur|wie\\s*kalt|ladestand|gestellt|batterie|sollwert|feuchte)\\s*der\\s*(?P<group_486>standardgerat|standardger\u00e4t)\\s*geladen\\s*$", 
      "^\\s*aktueller\\s*(?P<group_502>eingestellte\\s*temperatur|gemessene\\s*temperatur|wie\\s*viel\\s*wasser|wie\\s*viel\\s*liter|wieviel\\s*wasser|luftfeuchtigkeit|batteriezustand|wieviel\\s*liter|farbtemperatur|batteriestatus|batteriestand|wie\\s*feucht|eingestellt|ladezustand|wasserstand|luftfeuchte|wie\\s*warm|helligkeit|wie\\s*hell|wie\\s*laut|wie\\s*hei\u00df|ladestatus|lautstarke|lautst\u00e4rke|temperatur|wie\\s*kalt|ladestand|gestellt|batterie|sollwert|feuchte)\\s*der\\s*(?P<group_503>standardgerat|standardger\u00e4t)\\s*im\\s*(?P<group_504>standardraum)\\s*$", 
      "^\\s*(?P<group_520>eingestellte\\s*temperatur|gemessene\\s*temperatur|wie\\s*viel\\s*wasser|wie\\s*viel\\s*liter|wieviel\\s*wasser|luftfeuchtigkeit|batteriezustand|wieviel\\s*liter|farbtemperatur|batteriestatus|batteriestand|wie\\s*feucht|eingestellt|ladezustand|wasserstand|luftfeuchte|wie\\s*warm|helligkeit|wie\\s*hell|wie\\s*laut|wie\\s*hei\u00df|ladestatus|lautstarke|lautst\u00e4rke|temperatur|wie\\s*kalt|ladestand|gestellt|batterie|sollwert|feuchte)\\s*(?P<group_521>standardgerat|standardger\u00e4t)\\s*$", 
      "^\\s*wie\\s*ist\\s*die\\s*(?P<group_507>eingestellte\\s*temperatur|gemessene\\s*temperatur|wie\\s*viel\\s*wasser|wie\\s*viel\\s*liter|wieviel\\s*wasser|luftfeuchtigkeit|batteriezustand|wieviel\\s*liter|farbtemperatur|batteriestatus|batteriestand|wie\\s*feucht|eingestellt|ladezustand|wasserstand|luftfeuchte|wie\\s*warm|helligkeit|wie\\s*hell|wie\\s*laut|wie\\s*hei\u00df|ladestatus|lautstarke|lautst\u00e4rke|temperatur|wie\\s*kalt|ladestand|gestellt|batterie|sollwert|feuchte)\\s*der\\s*(?P<group_508>standardgerat|standardger\u00e4t)\\s*in\\s*der\\s*(?P<group_509>standardraum)\\s*$", 
      "^\\s*wie\\s*ist\\s*die\\s*(?P<group_480>eingestellte\\s*temperatur|gemessene\\s*temperatur|wie\\s*viel\\s*wasser|wie\\s*viel\\s*liter|wieviel\\s*wasser|luftfeuchtigkeit|batteriezustand|wieviel\\s*liter|farbtemperatur|batteriestatus|batteriestand|wie\\s*feucht|eingestellt|ladezustand|wasserstand|luftfeuchte|wie\\s*warm|helligkeit|wie\\s*hell|wie\\s*laut|wie\\s*hei\u00df|ladestatus|lautstarke|lautst\u00e4rke|temperatur|wie\\s*kalt|ladestand|gestellt|batterie|sollwert|feuchte)\\s*in\\s*der\\s*(?P<group_481>standardraum)\\s*$", 
      "^\\s*wie\\s*ist\\s*die\\s*(?P<group_524>eingestellte\\s*temperatur|gemessene\\s*temperatur|wie\\s*viel\\s*wasser|wie\\s*viel\\s*liter|wieviel\\s*wasser|luftfeuchtigkeit|batteriezustand|wieviel\\s*liter|farbtemperatur|batteriestatus|batteriestand|wie\\s*feucht|eingestellt|ladezustand|wasserstand|luftfeuchte|wie\\s*warm|helligkeit|wie\\s*hell|wie\\s*laut|wie\\s*hei\u00df|ladestatus|lautstarke|lautst\u00e4rke|temperatur|wie\\s*kalt|ladestand|gestellt|batterie|sollwert|feuchte)\\s*der\\s*(?P<group_525>standardgerat|standardger\u00e4t)\\s*$", 
      "^\\s*wie\\s*ist\\s*die\\s*(?P<group_491>eingestellte\\s*temperatur|gemessene\\s*temperatur|wie\\s*viel\\s*wasser|wie\\s*viel\\s*liter|wieviel\\s*wasser|luftfeuchtigkeit|batteriezustand|wieviel\\s*liter|farbtemperatur|batteriestatus|batteriestand|wie\\s*feucht|eingestellt|ladezustand|wasserstand|luftfeuchte|wie\\s*warm|helligkeit|wie\\s*hell|wie\\s*laut|wie\\s*hei\u00df|ladestatus|lautstarke|lautst\u00e4rke|temperatur|wie\\s*kalt|ladestand|gestellt|batterie|sollwert|feuchte)\\s*vom\\s*(?P<group_492>standardgerat|standardger\u00e4t)\\s*$", 
      "^\\s*(?P<group_478>eingestellte\\s*temperatur|gemessene\\s*temperatur|wie\\s*viel\\s*wasser|wie\\s*viel\\s*liter|wieviel\\s*wasser|luftfeuchtigkeit|batteriezustand|wieviel\\s*liter|farbtemperatur|batteriestatus|batteriestand|wie\\s*feucht|eingestellt|ladezustand|wasserstand|luftfeuchte|wie\\s*warm|helligkeit|wie\\s*hell|wie\\s*laut|wie\\s*hei\u00df|ladestatus|lautstarke|lautst\u00e4rke|temperatur|wie\\s*kalt|ladestand|gestellt|batterie|sollwert|feuchte)\\s*ist\\s*es\\s*in\\s*der\\s*(?P<group_479>standardraum)\\s*$", 
      "^\\s*(?P<group_517>eingestellte\\s*temperatur|gemessene\\s*temperatur|wie\\s*viel\\s*wasser|wie\\s*viel\\s*liter|wieviel\\s*wasser|luftfeuchtigkeit|batteriezustand|wieviel\\s*liter|farbtemperatur|batteriestatus|batteriestand|wie\\s*feucht|eingestellt|ladezustand|wasserstand|luftfeuchte|wie\\s*warm|helligkeit|wie\\s*hell|wie\\s*laut|wie\\s*hei\u00df|ladestatus|lautstarke|lautst\u00e4rke|temperatur|wie\\s*kalt|ladestand|gestellt|batterie|sollwert|feuchte)\\s*(?P<group_518>standardgerat|standardger\u00e4t)\\s*(?P<group_519>standardraum)\\s*$", 
      "^\\s*(?P<group_493>eingestellte\\s*temperatur|gemessene\\s*temperatur|wie\\s*viel\\s*wasser|wie\\s*viel\\s*liter|wieviel\\s*wasser|luftfeuchtigkeit|batteriezustand|wieviel\\s*liter|farbtemperatur|batteriestatus|batteriestand|wie\\s*feucht|eingestellt|ladezustand|wasserstand|luftfeuchte|wie\\s*warm|helligkeit|wie\\s*hell|wie\\s*laut|wie\\s*hei\u00df|ladestatus|lautstarke|lautst\u00e4rke|temperatur|wie\\s*kalt|ladestand|gestellt|batterie|sollwert|feuchte)\\s*zeigt\\s*das\\s*(?P<group_494>standardgerat|standardger\u00e4t)\\s*im\\s*(?P<group_495>standardraum)\\s*$", 
      "^\\s*wie\\s*ist\\s*der\\s*(?P<group_473>eingestellte\\s*temperatur|gemessene\\s*temperatur|wie\\s*viel\\s*wasser|wie\\s*viel\\s*liter|wieviel\\s*wasser|luftfeuchtigkeit|batteriezustand|wieviel\\s*liter|farbtemperatur|batteriestatus|batteriestand|wie\\s*feucht|eingestellt|ladezustand|wasserstand|luftfeuchte|wie\\s*warm|helligkeit|wie\\s*hell|wie\\s*laut|wie\\s*hei\u00df|ladestatus|lautstarke|lautst\u00e4rke|temperatur|wie\\s*kalt|ladestand|gestellt|batterie|sollwert|feuchte)\\s*vom\\s*(?P<group_474>standardgerat|standardger\u00e4t)\\s*im\\s*(?P<group_475>standardraum)\\s*$", 
      "^\\s*wie\\s*ist\\s*der\\s*(?P<group_487>eingestellte\\s*temperatur|gemessene\\s*temperatur|wie\\s*viel\\s*wasser|wie\\s*viel\\s*liter|wieviel\\s*wasser|luftfeuchtigkeit|batteriezustand|wieviel\\s*liter|farbtemperatur|batteriestatus|batteriestand|wie\\s*feucht|eingestellt|ladezustand|wasserstand|luftfeuchte|wie\\s*warm|helligkeit|wie\\s*hell|wie\\s*laut|wie\\s*hei\u00df|ladestatus|lautstarke|lautst\u00e4rke|temperatur|wie\\s*kalt|ladestand|gestellt|batterie|sollwert|feuchte)\\s*der\\s*(?P<group_488>standardgerat|standardger\u00e4t)\\s*$", 
      "^\\s*(?P<group_514>eingestellte\\s*temperatur|gemessene\\s*temperatur|wie\\s*viel\\s*wasser|wie\\s*viel\\s*liter|wieviel\\s*wasser|luftfeuchtigkeit|batteriezustand|wieviel\\s*liter|farbtemperatur|batteriestatus|batteriestand|wie\\s*feucht|eingestellt|ladezustand|wasserstand|luftfeuchte|wie\\s*warm|helligkeit|wie\\s*hell|wie\\s*laut|wie\\s*hei\u00df|ladestatus|lautstarke|lautst\u00e4rke|temperatur|wie\\s*kalt|ladestand|gestellt|batterie|sollwert|feuchte)\\s*ist\\s*die\\s*(?P<group_515>standardgerat|standardger\u00e4t)\\s*im\\s*(?P<group_516>standardraum)\\s*$", 
      "^\\s*wie\\s*ist\\s*die\\s*(?P<group_505>eingestellte\\s*temperatur|gemessene\\s*temperatur|wie\\s*viel\\s*wasser|wie\\s*viel\\s*liter|wieviel\\s*wasser|luftfeuchtigkeit|batteriezustand|wieviel\\s*liter|farbtemperatur|batteriestatus|batteriestand|wie\\s*feucht|eingestellt|ladezustand|wasserstand|luftfeuchte|wie\\s*warm|helligkeit|wie\\s*hell|wie\\s*laut|wie\\s*hei\u00df|ladestatus|lautstarke|lautst\u00e4rke|temperatur|wie\\s*kalt|ladestand|gestellt|batterie|sollwert|feuchte)\\s*im\\s*(?P<group_506>standardraum)\\s*$", 
      "^\\s*(?P<group_534>eingestellte\\s*temperatur|gemessene\\s*temperatur|wie\\s*viel\\s*wasser|wie\\s*viel\\s*liter|wieviel\\s*wasser|luftfeuchtigkeit|batteriezustand|wieviel\\s*liter|farbtemperatur|batteriestatus|batteriestand|wie\\s*feucht|eingestellt|ladezustand|wasserstand|luftfeuchte|wie\\s*warm|helligkeit|wie\\s*hell|wie\\s*laut|wie\\s*hei\u00df|ladestatus|lautstarke|lautst\u00e4rke|temperatur|wie\\s*kalt|ladestand|gestellt|batterie|sollwert|feuchte)\\s*ist\\s*die\\s*(?P<group_535>standardgerat|standardger\u00e4t)\\s*$", 
      "^\\s*wie\\s*ist\\s*der\\s*(?P<group_510>eingestellte\\s*temperatur|gemessene\\s*temperatur|wie\\s*viel\\s*wasser|wie\\s*viel\\s*liter|wieviel\\s*wasser|luftfeuchtigkeit|batteriezustand|wieviel\\s*liter|farbtemperatur|batteriestatus|batteriestand|wie\\s*feucht|eingestellt|ladezustand|wasserstand|luftfeuchte|wie\\s*warm|helligkeit|wie\\s*hell|wie\\s*laut|wie\\s*hei\u00df|ladestatus|lautstarke|lautst\u00e4rke|temperatur|wie\\s*kalt|ladestand|gestellt|batterie|sollwert|feuchte)\\s*vom\\s*(?P<group_511>standardgerat|standardger\u00e4t)\\s*$", 
      "^\\s*auf\\s*was\\s*ist\\s*die\\s*(?P<group_496>standardgerat|standardger\u00e4t)\\s*im\\s*(?P<group_497>standardraum)\\s*(?P<group_498>eingestellte\\s*temperatur|gemessene\\s*temperatur|wie\\s*viel\\s*wasser|wie\\s*viel\\s*liter|wieviel\\s*wasser|luftfeuchtigkeit|batteriezustand|wieviel\\s*liter|farbtemperatur|batteriestatus|batteriestand|wie\\s*feucht|eingestellt|ladezustand|wasserstand|luftfeuchte|wie\\s*warm|helligkeit|wie\\s*hell|wie\\s*laut|wie\\s*hei\u00df|ladestatus|lautstarke|lautst\u00e4rke|temperatur|wie\\s*kalt|ladestand|gestellt|batterie|sollwert|feuchte)\\s*$", 
      "^\\s*wie\\s*voll\\s*ist\\s*die\\s*(?P<group_489>eingestellte\\s*temperatur|gemessene\\s*temperatur|wie\\s*viel\\s*wasser|wie\\s*viel\\s*liter|wieviel\\s*wasser|luftfeuchtigkeit|batteriezustand|wieviel\\s*liter|farbtemperatur|batteriestatus|batteriestand|wie\\s*feucht|eingestellt|ladezustand|wasserstand|luftfeuchte|wie\\s*warm|helligkeit|wie\\s*hell|wie\\s*laut|wie\\s*hei\u00df|ladestatus|lautstarke|lautst\u00e4rke|temperatur|wie\\s*kalt|ladestand|gestellt|batterie|sollwert|feuchte)\\s*von\\s*der\\s*(?P<group_490>standardgerat|standardger\u00e4t)\\s*$", 
      "^\\s*wie\\s*ist\\s*die\\s*(?P<group_522>eingestellte\\s*temperatur|gemessene\\s*temperatur|wie\\s*viel\\s*wasser|wie\\s*viel\\s*liter|wieviel\\s*wasser|luftfeuchtigkeit|batteriezustand|wieviel\\s*liter|farbtemperatur|batteriestatus|batteriestand|wie\\s*feucht|eingestellt|ladezustand|wasserstand|luftfeuchte|wie\\s*warm|helligkeit|wie\\s*hell|wie\\s*laut|wie\\s*hei\u00df|ladestatus|lautstarke|lautst\u00e4rke|temperatur|wie\\s*kalt|ladestand|gestellt|batterie|sollwert|feuchte)\\s*des\\s*(?P<group_523>standardgerat|standardger\u00e4t)\\s*$", 
      "^\\s*(?P<group_532>eingestellte\\s*temperatur|gemessene\\s*temperatur|wie\\s*viel\\s*wasser|wie\\s*viel\\s*liter|wieviel\\s*wasser|luftfeuchtigkeit|batteriezustand|wieviel\\s*liter|farbtemperatur|batteriestatus|batteriestand|wie\\s*feucht|eingestellt|ladezustand|wasserstand|luftfeuchte|wie\\s*warm|helligkeit|wie\\s*hell|wie\\s*laut|wie\\s*hei\u00df|ladestatus|lautstarke|lautst\u00e4rke|temperatur|wie\\s*kalt|ladestand|gestellt|batterie|sollwert|feuchte)\\s*ist\\s*es\\s*im\\s*(?P<group_533>standardraum)\\s*$", 
      "^\\s*wie\\s*ist\\s*der\\s*(?P<group_512>eingestellte\\s*temperatur|gemessene\\s*temperatur|wie\\s*viel\\s*wasser|wie\\s*viel\\s*liter|wieviel\\s*wasser|luftfeuchtigkeit|batteriezustand|wieviel\\s*liter|farbtemperatur|batteriestatus|batteriestand|wie\\s*feucht|eingestellt|ladezustand|wasserstand|luftfeuchte|wie\\s*warm|helligkeit|wie\\s*hell|wie\\s*laut|wie\\s*hei\u00df|ladestatus|lautstarke|lautst\u00e4rke|temperatur|wie\\s*kalt|ladestand|gestellt|batterie|sollwert|feuchte)\\s*des\\s*(?P<group_513>standardgerat|standardger\u00e4t)\\s*$", 
      "^\\s*auf\\s*was\\s*ist\\s*das\\s*(?P<group_499>standardgerat|standardger\u00e4t)\\s*in\\s*der\\s*(?P<group_500>standardraum)\\s*(?P<group_501>eingestellte\\s*temperatur|gemessene\\s*temperatur|wie\\s*viel\\s*wasser|wie\\s*viel\\s*liter|wieviel\\s*wasser|luftfeuchtigkeit|batteriezustand|wieviel\\s*liter|farbtemperatur|batteriestatus|batteriestand|wie\\s*feucht|eingestellt|ladezustand|wasserstand|luftfeuchte|wie\\s*warm|helligkeit|wie\\s*hell|wie\\s*laut|wie\\s*hei\u00df|ladestatus|lautstarke|lautst\u00e4rke|temperatur|wie\\s*kalt|ladestand|gestellt|batterie|sollwert|feuchte)\\s*$", 
      "^\\s*wie\\s*voll\\s*ist\\s*die\\s*(?P<group_482>eingestellte\\s*temperatur|gemessene\\s*temperatur|wie\\s*viel\\s*wasser|wie\\s*viel\\s*liter|wieviel\\s*wasser|luftfeuchtigkeit|batteriezustand|wieviel\\s*liter|farbtemperatur|batteriestatus|batteriestand|wie\\s*feucht|eingestellt|ladezustand|wasserstand|luftfeuchte|wie\\s*warm|helligkeit|wie\\s*hell|wie\\s*laut|wie\\s*hei\u00df|ladestatus|lautstarke|lautst\u00e4rke|temperatur|wie\\s*kalt|ladestand|gestellt|batterie|sollwert|feuchte)\\s*der\\s*(?P<group_483>standardgerat|standardger\u00e4t)\\s*im\\s*(?P<group_484>standardraum)\\s*$", 
      "^\\s*(?P<group_469>eingestellte\\s*temperatur|gemessene\\s*temperatur|wie\\s*viel\\s*wasser|wie\\s*viel\\s*liter|wieviel\\s*wasser|luftfeuchtigkeit|batteriezustand|wieviel\\s*liter|farbtemperatur|batteriestatus|batteriestand|wie\\s*feucht|eingestellt|ladezustand|wasserstand|luftfeuchte|wie\\s*warm|helligkeit|wie\\s*hell|wie\\s*laut|wie\\s*hei\u00df|ladestatus|lautstarke|lautst\u00e4rke|temperatur|wie\\s*kalt|ladestand|gestellt|batterie|sollwert|feuchte)\\s*sind\\s*im\\s*(?P<group_470>standardgerat|standardger\u00e4t)\\s*$", 
      "^\\s*wie\\s*ist\\s*die\\s*(?P<group_529>eingestellte\\s*temperatur|gemessene\\s*temperatur|wie\\s*viel\\s*wasser|wie\\s*viel\\s*liter|wieviel\\s*wasser|luftfeuchtigkeit|batteriezustand|wieviel\\s*liter|farbtemperatur|batteriestatus|batteriestand|wie\\s*feucht|eingestellt|ladezustand|wasserstand|luftfeuchte|wie\\s*warm|helligkeit|wie\\s*hell|wie\\s*laut|wie\\s*hei\u00df|ladestatus|lautstarke|lautst\u00e4rke|temperatur|wie\\s*kalt|ladestand|gestellt|batterie|sollwert|feuchte)\\s*vom\\s*(?P<group_530>standardgerat|standardger\u00e4t)\\s*im\\s*(?P<group_531>standardraum)\\s*$", 
      "^\\s*wie\\s*ist\\s*der\\s*(?P<group_526>eingestellte\\s*temperatur|gemessene\\s*temperatur|wie\\s*viel\\s*wasser|wie\\s*viel\\s*liter|wieviel\\s*wasser|luftfeuchtigkeit|batteriezustand|wieviel\\s*liter|farbtemperatur|batteriestatus|batteriestand|wie\\s*feucht|eingestellt|ladezustand|wasserstand|luftfeuchte|wie\\s*warm|helligkeit|wie\\s*hell|wie\\s*laut|wie\\s*hei\u00df|ladestatus|lautstarke|lautst\u00e4rke|temperatur|wie\\s*kalt|ladestand|gestellt|batterie|sollwert|feuchte)\\s*des\\s*(?P<group_527>standardgerat|standardger\u00e4t)\\s*in\\s*der\\s*(?P<group_528>standardraum)\\s*$"
    ], 
    "Thyraz:GetOnOff": [
      "^\\s*ist\\s*die\\s*(?P<group_132>standardgerat|standardger\u00e4t)\\s*im\\s*(?P<group_133>standardraum)\\s*(?P<group_134>ausgeschaltet|eingeschaltet|abgeschaltet|angeschaltet|geschlossen|geoffnet|ge\u00f6ffnet|gestoppt|fertig|offen|aktiv|lauft|l\u00e4uft|eins|auf|ein|aus|an|zu|1)\\s*$", 
      "^\\s*ist\\s*der\\s*(?P<group_127>standardgerat|standardger\u00e4t)\\s*im\\s*(?P<group_128>standardraum)\\s*(?P<group_129>ausgeschaltet|eingeschaltet|abgeschaltet|angeschaltet|geschlossen|geoffnet|ge\u00f6ffnet|gestoppt|fertig|offen|aktiv|lauft|l\u00e4uft|eins|auf|ein|aus|an|zu|1)\\s*$", 
      "^\\s*(?P<group_143>ausgeschaltet|eingeschaltet|abgeschaltet|angeschaltet|geschlossen|geoffnet|ge\u00f6ffnet|gestoppt|fertig|offen|aktiv|lauft|l\u00e4uft|eins|auf|ein|aus|an|zu|1)\\s*die\\s*(?P<group_144>standardgerat|standardger\u00e4t)\\s*$", 
      "^\\s*ist\\s*die\\s*(?P<group_135>standardgerat|standardger\u00e4t)\\s*(?P<group_136>ausgeschaltet|eingeschaltet|abgeschaltet|angeschaltet|geschlossen|geoffnet|ge\u00f6ffnet|gestoppt|fertig|offen|aktiv|lauft|l\u00e4uft|eins|auf|ein|aus|an|zu|1)\\s*$", 
      "^\\s*ist\\s*der\\s*(?P<group_125>standardgerat|standardger\u00e4t)\\s*(?P<group_126>ausgeschaltet|eingeschaltet|abgeschaltet|angeschaltet|geschlossen|geoffnet|ge\u00f6ffnet|gestoppt|fertig|offen|aktiv|lauft|l\u00e4uft|eins|auf|ein|aus|an|zu|1)\\s*$", 
      "^\\s*(?P<group_147>ausgeschaltet|eingeschaltet|abgeschaltet|angeschaltet|geschlossen|geoffnet|ge\u00f6ffnet|gestoppt|fertig|offen|aktiv|lauft|l\u00e4uft|eins|auf|ein|aus|an|zu|1)\\s*das\\s*(?P<group_148>standardgerat|standardger\u00e4t)\\s*im\\s*(?P<group_149>standardraum)\\s*$", 
      "^\\s*(?P<group_145>ausgeschaltet|eingeschaltet|abgeschaltet|angeschaltet|geschlossen|geoffnet|ge\u00f6ffnet|gestoppt|fertig|offen|aktiv|lauft|l\u00e4uft|eins|auf|ein|aus|an|zu|1)\\s*der\\s*(?P<group_146>standardgerat|standardger\u00e4t)\\s*$", 
      "^\\s*(?P<group_122>ausgeschaltet|eingeschaltet|abgeschaltet|angeschaltet|geschlossen|geoffnet|ge\u00f6ffnet|gestoppt|fertig|offen|aktiv|lauft|l\u00e4uft|eins|auf|ein|aus|an|zu|1)\\s*der\\s*(?P<group_123>standardgerat|standardger\u00e4t)\\s*im\\s*(?P<group_124>standardraum)\\s*$", 
      "^\\s*ist\\s*das\\s*(?P<group_140>standardgerat|standardger\u00e4t)\\s*in\\s*der\\s*(?P<group_141>standardraum)\\s*(?P<group_142>ausgeschaltet|eingeschaltet|abgeschaltet|angeschaltet|geschlossen|geoffnet|ge\u00f6ffnet|gestoppt|fertig|offen|aktiv|lauft|l\u00e4uft|eins|auf|ein|aus|an|zu|1)\\s*$", 
      "^\\s*ist\\s*das\\s*(?P<group_130>standardgerat|standardger\u00e4t)\\s*(?P<group_131>ausgeschaltet|eingeschaltet|abgeschaltet|angeschaltet|geschlossen|geoffnet|ge\u00f6ffnet|gestoppt|fertig|offen|aktiv|lauft|l\u00e4uft|eins|auf|ein|aus|an|zu|1)\\s*$", 
      "^\\s*ist\\s*das\\s*(?P<group_137>standardgerat|standardger\u00e4t)\\s*im\\s*(?P<group_138>standardraum)\\s*(?P<group_139>ausgeschaltet|eingeschaltet|abgeschaltet|angeschaltet|geschlossen|geoffnet|ge\u00f6ffnet|gestoppt|fertig|offen|aktiv|lauft|l\u00e4uft|eins|auf|ein|aus|an|zu|1)\\s*$"
    ], 
    "Thyraz:MediaChannels": [
      "^\\s*wechsle\\s*zu\\s*(?P<group_63>standardsender)\\s*$", 
      "^\\s*schalte\\s*um\\s*auf\\s*(?P<group_55>standardsender)\\s*$", 
      "^\\s*spiele\\s*(?P<group_95>standardsender)\\s*auf\\s*dem\\s*(?P<group_96>standardgerat|standardger\u00e4t)\\s*im\\s*(?P<group_97>standardraum)\\s*$", 
      "^\\s*(?P<group_98>standardgerat|standardger\u00e4t)\\s*im\\s*(?P<group_99>standardraum)\\s*auf\\s*(?P<group_100>standardsender)\\s*stellen\\s*$", 
      "^\\s*kanal\\s*auf\\s*(?P<group_57>standardsender)\\s*schalten\\s*$", 
      "^\\s*(?P<group_91>standardsender)\\s*auf\\s*dem\\s*(?P<group_92>standardgerat|standardger\u00e4t)\\s*spielen\\s*$", 
      "^\\s*schalte\\s*auf\\s*(?P<group_83>standardsender)\\s*$", 
      "^\\s*umschalten\\s*auf\\s*(?P<group_70>standardsender)\\s*im\\s*(?P<group_71>standardraum)\\s*$", 
      "^\\s*(?P<group_89>standardsender)\\s*auf\\s*dem\\s*(?P<group_90>standardgerat|standardger\u00e4t)\\s*abspielen\\s*$", 
      "^\\s*umschalten\\s*zu\\s*(?P<group_82>standardsender)\\s*$", 
      "^\\s*(?P<group_75>standardsender)\\s*auf\\s*dem\\s*(?P<group_76>standardgerat|standardger\u00e4t)\\s*im\\s*(?P<group_77>standardraum)\\s*spielen\\s*$", 
      "^\\s*sender\\s*von\\s*(?P<group_112>standardgerat|standardger\u00e4t)\\s*auf\\s*(?P<group_113>standardsender)\\s*wechseln\\s*$", 
      "^\\s*schalte\\s*im\\s*(?P<group_84>standardraum)\\s*auf\\s*(?P<group_85>standardsender)\\s*$", 
      "^\\s*wechsle\\s*sender\\s*von\\s*(?P<group_109>standardgerat|standardger\u00e4t)\\s*im\\s*(?P<group_110>standardraum)\\s*auf\\s*(?P<group_111>standardsender)\\s*$", 
      "^\\s*schalte\\s*(?P<group_103>standardgerat|standardger\u00e4t)\\s*im\\s*(?P<group_104>standardraum)\\s*auf\\s*(?P<group_105>standardsender)\\s*um\\s*$", 
      "^\\s*(?P<group_101>standardgerat|standardger\u00e4t)\\s*auf\\s*(?P<group_102>standardsender)\\s*stellen\\s*$", 
      "^\\s*sender\\s*von\\s*(?P<group_114>standardgerat|standardger\u00e4t)\\s*auf\\s*(?P<group_115>standardsender)\\s*umschalten\\s*$", 
      "^\\s*umschalten\\s*auf\\s*(?P<group_81>standardsender)\\s*$", 
      "^\\s*das\\s*(?P<group_118>standardgerat|standardger\u00e4t)\\s*auf\\s*(?P<group_119>standardsender)\\s*umschalten\\s*$", 
      "^\\s*spiele\\s*(?P<group_93>standardsender)\\s*auf\\s*dem\\s*(?P<group_94>standardgerat|standardger\u00e4t)\\s*$", 
      "^\\s*(?P<group_106>standardgerat|standardger\u00e4t)\\s*im\\s*(?P<group_107>standardraum)\\s*auf\\s*(?P<group_108>standardsender)\\s*umschalten\\s*$", 
      "^\\s*(?P<group_116>standardgerat|standardger\u00e4t)\\s*auf\\s*(?P<group_117>standardsender)\\s*umschalten\\s*$", 
      "^\\s*das\\s*(?P<group_78>standardgerat|standardger\u00e4t)\\s*im\\s*(?P<group_79>standardraum)\\s*auf\\s*(?P<group_80>standardsender)\\s*umschalten\\s*$", 
      "^\\s*(?P<group_52>standardsender)\\s*starten\\s*$", 
      "^\\s*spiele\\s*den\\s*favorit\\s*(?P<group_54>standardsender)\\s*$", 
      "^\\s*schalte\\s*das\\s*(?P<group_120>standardgerat|standardger\u00e4t)\\s*auf\\s*(?P<group_121>standardsender)\\s*um\\s*$", 
      "^\\s*schalte\\s*kanal\\s*vom\\s*(?P<group_58>standardgerat|standardger\u00e4t)\\s*auf\\s*(?P<group_59>standardsender)\\s*$", 
      "^\\s*spiele\\s*(?P<group_68>standardsender)\\s*im\\s*(?P<group_69>standardraum)\\s*$", 
      "^\\s*sender\\s*auf\\s*(?P<group_60>standardsender)\\s*wechseln\\s*$", 
      "^\\s*spiele\\s*(?P<group_66>standardsender)\\s*in\\s*der\\s*(?P<group_67>standardraum)\\s*$", 
      "^\\s*(?P<group_86>standardsender)\\s*auf\\s*dem\\s*(?P<group_87>standardgerat|standardger\u00e4t)\\s*im\\s*(?P<group_88>standardraum)\\s*abspielen\\s*$", 
      "^\\s*sender\\s*vom\\s*(?P<group_61>standardgerat|standardger\u00e4t)\\s*auf\\s*(?P<group_62>standardsender)\\s*wechseln\\s*$", 
      "^\\s*(?P<group_72>standardsender)\\s*im\\s*(?P<group_73>standardraum)\\s*auf\\s*dem\\s*(?P<group_74>standardgerat|standardger\u00e4t)\\s*spielen\\s*$", 
      "^\\s*spiele\\s*playlist\\s*(?P<group_53>standardsender)\\s*$", 
      "^\\s*starte\\s*den\\s*(?P<group_49>standardsender)\\s*auf\\s*dem\\s*(?P<group_50>standardgerat|standardger\u00e4t)\\s*im\\s*(?P<group_51>standardraum)\\s*$", 
      "^\\s*zu\\s*(?P<group_64>standardsender)\\s*wechseln\\s*$", 
      "^\\s*spiele\\s*(?P<group_65>standardsender)\\s*$", 
      "^\\s*schalte\\s*auf\\s*den\\s*kanal\\s*(?P<group_56>standardsender)\\s*$"
    ], 
    "Thyraz:MediaControls": [
      "^\\s*wiedergabe\\s*auf\\s*dem\\s*(?P<group_439>standardgerat|standardger\u00e4t)\\s*(?P<group_440>weiterspielen|\u00fcberspringen|uberspringen|vorheriges|vorheriger|vorherigen|fortsetzen|vorherige|ruckwarts|pausieren|r\u00fcckw\u00e4rts|anhalten|vorwarts|n\u00e4chstes|n\u00e4chster|nachsten|nachster|nachstes|n\u00e4chsten|vorw\u00e4rts|beenden|starten|letztes|letzter|letzten|nachste|n\u00e4chste|stoppen|zuruck|stoppe|weiter|letzte|zur\u00fcck|vorne|pause|play|stop|vor)\\s*$", 
      "^\\s*zum\\s*(?P<group_436>weiterspielen|\u00fcberspringen|uberspringen|vorheriges|vorheriger|vorherigen|fortsetzen|vorherige|ruckwarts|pausieren|r\u00fcckw\u00e4rts|anhalten|vorwarts|n\u00e4chstes|n\u00e4chster|nachsten|nachster|nachstes|n\u00e4chsten|vorw\u00e4rts|beenden|starten|letztes|letzter|letzten|nachste|n\u00e4chste|stoppen|zuruck|stoppe|weiter|letzte|zur\u00fcck|vorne|pause|play|stop|vor)\\s*film\\s*$", 
      "^\\s*ein\\s*kapitel\\s*(?P<group_396>weiterspielen|\u00fcberspringen|uberspringen|vorheriges|vorheriger|vorherigen|fortsetzen|vorherige|ruckwarts|pausieren|r\u00fcckw\u00e4rts|anhalten|vorwarts|n\u00e4chstes|n\u00e4chster|nachsten|nachster|nachstes|n\u00e4chsten|vorw\u00e4rts|beenden|starten|letztes|letzter|letzten|nachste|n\u00e4chste|stoppen|zuruck|stoppe|weiter|letzte|zur\u00fcck|vorne|pause|play|stop|vor)\\s*springen\\s*$", 
      "^\\s*auf\\s*dem\\s*(?P<group_416>standardgerat|standardger\u00e4t)\\s*ein\\s*titel\\s*nach\\s*(?P<group_417>weiterspielen|\u00fcberspringen|uberspringen|vorheriges|vorheriger|vorherigen|fortsetzen|vorherige|ruckwarts|pausieren|r\u00fcckw\u00e4rts|anhalten|vorwarts|n\u00e4chstes|n\u00e4chster|nachsten|nachster|nachstes|n\u00e4chsten|vorw\u00e4rts|beenden|starten|letztes|letzter|letzten|nachste|n\u00e4chste|stoppen|zuruck|stoppe|weiter|letzte|zur\u00fcck|vorne|pause|play|stop|vor)\\s*springen\\s*$", 
      "^\\s*lied\\s*im\\s*(?P<group_428>standardraum)\\s*(?P<group_429>weiterspielen|\u00fcberspringen|uberspringen|vorheriges|vorheriger|vorherigen|fortsetzen|vorherige|ruckwarts|pausieren|r\u00fcckw\u00e4rts|anhalten|vorwarts|n\u00e4chstes|n\u00e4chster|nachsten|nachster|nachstes|n\u00e4chsten|vorw\u00e4rts|beenden|starten|letztes|letzter|letzten|nachste|n\u00e4chste|stoppen|zuruck|stoppe|weiter|letzte|zur\u00fcck|vorne|pause|play|stop|vor)\\s*$", 
      "^\\s*wiedergabe\\s*im\\s*(?P<group_467>standardraum)\\s*(?P<group_468>weiterspielen|\u00fcberspringen|uberspringen|vorheriges|vorheriger|vorherigen|fortsetzen|vorherige|ruckwarts|pausieren|r\u00fcckw\u00e4rts|anhalten|vorwarts|n\u00e4chstes|n\u00e4chster|nachsten|nachster|nachstes|n\u00e4chsten|vorw\u00e4rts|beenden|starten|letztes|letzter|letzten|nachste|n\u00e4chste|stoppen|zuruck|stoppe|weiter|letzte|zur\u00fcck|vorne|pause|play|stop|vor)\\s*$", 
      "^\\s*(?P<group_413>weiterspielen|\u00fcberspringen|uberspringen|vorheriges|vorheriger|vorherigen|fortsetzen|vorherige|ruckwarts|pausieren|r\u00fcckw\u00e4rts|anhalten|vorwarts|n\u00e4chstes|n\u00e4chster|nachsten|nachster|nachstes|n\u00e4chsten|vorw\u00e4rts|beenden|starten|letztes|letzter|letzten|nachste|n\u00e4chste|stoppen|zuruck|stoppe|weiter|letzte|zur\u00fcck|vorne|pause|play|stop|vor)\\s*springen\\s*$", 
      "^\\s*auf\\s*dem\\s*(?P<group_426>standardgerat|standardger\u00e4t)\\s*zum\\s*(?P<group_427>weiterspielen|\u00fcberspringen|uberspringen|vorheriges|vorheriger|vorherigen|fortsetzen|vorherige|ruckwarts|pausieren|r\u00fcckw\u00e4rts|anhalten|vorwarts|n\u00e4chstes|n\u00e4chster|nachsten|nachster|nachstes|n\u00e4chsten|vorw\u00e4rts|beenden|starten|letztes|letzter|letzten|nachste|n\u00e4chste|stoppen|zuruck|stoppe|weiter|letzte|zur\u00fcck|vorne|pause|play|stop|vor)\\s*lied\\s*springen\\s*$", 
      "^\\s*(?P<group_403>weiterspielen|\u00fcberspringen|uberspringen|vorheriges|vorheriger|vorherigen|fortsetzen|vorherige|ruckwarts|pausieren|r\u00fcckw\u00e4rts|anhalten|vorwarts|n\u00e4chstes|n\u00e4chster|nachsten|nachster|nachstes|n\u00e4chsten|vorw\u00e4rts|beenden|starten|letztes|letzter|letzten|nachste|n\u00e4chste|stoppen|zuruck|stoppe|weiter|letzte|zur\u00fcck|vorne|pause|play|stop|vor)\\s*video\\s*auf\\s*dem\\s*(?P<group_404>standardgerat|standardger\u00e4t)\\s*im\\s*(?P<group_405>standardraum)\\s*abspielen\\s*$", 
      "^\\s*lied\\s*auf\\s*dem\\s*(?P<group_433>standardgerat|standardger\u00e4t)\\s*(?P<group_434>weiterspielen|\u00fcberspringen|uberspringen|vorheriges|vorheriger|vorherigen|fortsetzen|vorherige|ruckwarts|pausieren|r\u00fcckw\u00e4rts|anhalten|vorwarts|n\u00e4chstes|n\u00e4chster|nachsten|nachster|nachstes|n\u00e4chsten|vorw\u00e4rts|beenden|starten|letztes|letzter|letzten|nachste|n\u00e4chste|stoppen|zuruck|stoppe|weiter|letzte|zur\u00fcck|vorne|pause|play|stop|vor)\\s*$", 
      "^\\s*film\\s*(?P<group_450>weiterspielen|\u00fcberspringen|uberspringen|vorheriges|vorheriger|vorherigen|fortsetzen|vorherige|ruckwarts|pausieren|r\u00fcckw\u00e4rts|anhalten|vorwarts|n\u00e4chstes|n\u00e4chster|nachsten|nachster|nachstes|n\u00e4chsten|vorw\u00e4rts|beenden|starten|letztes|letzter|letzten|nachste|n\u00e4chste|stoppen|zuruck|stoppe|weiter|letzte|zur\u00fcck|vorne|pause|play|stop|vor)\\s*$", 
      "^\\s*wiedergabe\\s*(?P<group_441>weiterspielen|\u00fcberspringen|uberspringen|vorheriges|vorheriger|vorherigen|fortsetzen|vorherige|ruckwarts|pausieren|r\u00fcckw\u00e4rts|anhalten|vorwarts|n\u00e4chstes|n\u00e4chster|nachsten|nachster|nachstes|n\u00e4chsten|vorw\u00e4rts|beenden|starten|letztes|letzter|letzten|nachste|n\u00e4chste|stoppen|zuruck|stoppe|weiter|letzte|zur\u00fcck|vorne|pause|play|stop|vor)\\s*$", 
      "^\\s*ein\\s*lied\\s*(?P<group_415>weiterspielen|\u00fcberspringen|uberspringen|vorheriges|vorheriger|vorherigen|fortsetzen|vorherige|ruckwarts|pausieren|r\u00fcckw\u00e4rts|anhalten|vorwarts|n\u00e4chstes|n\u00e4chster|nachsten|nachster|nachstes|n\u00e4chsten|vorw\u00e4rts|beenden|starten|letztes|letzter|letzten|nachste|n\u00e4chste|stoppen|zuruck|stoppe|weiter|letzte|zur\u00fcck|vorne|pause|play|stop|vor)\\s*springen\\s*$", 
      "^\\s*musik\\s*(?P<group_451>weiterspielen|\u00fcberspringen|uberspringen|vorheriges|vorheriger|vorherigen|fortsetzen|vorherige|ruckwarts|pausieren|r\u00fcckw\u00e4rts|anhalten|vorwarts|n\u00e4chstes|n\u00e4chster|nachsten|nachster|nachstes|n\u00e4chsten|vorw\u00e4rts|beenden|starten|letztes|letzter|letzten|nachste|n\u00e4chste|stoppen|zuruck|stoppe|weiter|letzte|zur\u00fcck|vorne|pause|play|stop|vor)\\s*$", 
      "^\\s*lied\\s*(?P<group_435>weiterspielen|\u00fcberspringen|uberspringen|vorheriges|vorheriger|vorherigen|fortsetzen|vorherige|ruckwarts|pausieren|r\u00fcckw\u00e4rts|anhalten|vorwarts|n\u00e4chstes|n\u00e4chster|nachsten|nachster|nachstes|n\u00e4chsten|vorw\u00e4rts|beenden|starten|letztes|letzter|letzten|nachste|n\u00e4chste|stoppen|zuruck|stoppe|weiter|letzte|zur\u00fcck|vorne|pause|play|stop|vor)\\s*$", 
      "^\\s*im\\s*(?P<group_421>standardraum)\\s*das\\s*(?P<group_422>weiterspielen|\u00fcberspringen|uberspringen|vorheriges|vorheriger|vorherigen|fortsetzen|vorherige|ruckwarts|pausieren|r\u00fcckw\u00e4rts|anhalten|vorwarts|n\u00e4chstes|n\u00e4chster|nachsten|nachster|nachstes|n\u00e4chsten|vorw\u00e4rts|beenden|starten|letztes|letzter|letzten|nachste|n\u00e4chste|stoppen|zuruck|stoppe|weiter|letzte|zur\u00fcck|vorne|pause|play|stop|vor)\\s*video\\s*spielen\\s*$", 
      "^\\s*video\\s*(?P<group_452>weiterspielen|\u00fcberspringen|uberspringen|vorheriges|vorheriger|vorherigen|fortsetzen|vorherige|ruckwarts|pausieren|r\u00fcckw\u00e4rts|anhalten|vorwarts|n\u00e4chstes|n\u00e4chster|nachsten|nachster|nachstes|n\u00e4chsten|vorw\u00e4rts|beenden|starten|letztes|letzter|letzten|nachste|n\u00e4chste|stoppen|zuruck|stoppe|weiter|letzte|zur\u00fcck|vorne|pause|play|stop|vor)\\s*$", 
      "^\\s*(?P<group_438>weiterspielen|\u00fcberspringen|uberspringen|vorheriges|vorheriger|vorherigen|fortsetzen|vorherige|ruckwarts|pausieren|r\u00fcckw\u00e4rts|anhalten|vorwarts|n\u00e4chstes|n\u00e4chster|nachsten|nachster|nachstes|n\u00e4chsten|vorw\u00e4rts|beenden|starten|letztes|letzter|letzten|nachste|n\u00e4chste|stoppen|zuruck|stoppe|weiter|letzte|zur\u00fcck|vorne|pause|play|stop|vor)\\s*song\\s*$", 
      "^\\s*musik\\s*auf\\s*dem\\s*(?P<group_460>standardgerat|standardger\u00e4t)\\s*(?P<group_461>weiterspielen|\u00fcberspringen|uberspringen|vorheriges|vorheriger|vorherigen|fortsetzen|vorherige|ruckwarts|pausieren|r\u00fcckw\u00e4rts|anhalten|vorwarts|n\u00e4chstes|n\u00e4chster|nachsten|nachster|nachstes|n\u00e4chsten|vorw\u00e4rts|beenden|starten|letztes|letzter|letzten|nachste|n\u00e4chste|stoppen|zuruck|stoppe|weiter|letzte|zur\u00fcck|vorne|pause|play|stop|vor)\\s*$", 
      "^\\s*musik\\s*auf\\s*dem\\s*(?P<group_464>standardgerat|standardger\u00e4t)\\s*im\\s*(?P<group_465>standardraum)\\s*(?P<group_466>weiterspielen|\u00fcberspringen|uberspringen|vorheriges|vorheriger|vorherigen|fortsetzen|vorherige|ruckwarts|pausieren|r\u00fcckw\u00e4rts|anhalten|vorwarts|n\u00e4chstes|n\u00e4chster|nachsten|nachster|nachstes|n\u00e4chsten|vorw\u00e4rts|beenden|starten|letztes|letzter|letzten|nachste|n\u00e4chste|stoppen|zuruck|stoppe|weiter|letzte|zur\u00fcck|vorne|pause|play|stop|vor)\\s*$", 
      "^\\s*video\\s*auf\\s*dem\\s*(?P<group_456>standardgerat|standardger\u00e4t)\\s*(?P<group_457>weiterspielen|\u00fcberspringen|uberspringen|vorheriges|vorheriger|vorherigen|fortsetzen|vorherige|ruckwarts|pausieren|r\u00fcckw\u00e4rts|anhalten|vorwarts|n\u00e4chstes|n\u00e4chster|nachsten|nachster|nachstes|n\u00e4chsten|vorw\u00e4rts|beenden|starten|letztes|letzter|letzten|nachste|n\u00e4chste|stoppen|zuruck|stoppe|weiter|letzte|zur\u00fcck|vorne|pause|play|stop|vor)\\s*$", 
      "^\\s*(?P<group_444>weiterspielen|\u00fcberspringen|uberspringen|vorheriges|vorheriger|vorherigen|fortsetzen|vorherige|ruckwarts|pausieren|r\u00fcckw\u00e4rts|anhalten|vorwarts|n\u00e4chstes|n\u00e4chster|nachsten|nachster|nachstes|n\u00e4chsten|vorw\u00e4rts|beenden|starten|letztes|letzter|letzten|nachste|n\u00e4chste|stoppen|zuruck|stoppe|weiter|letzte|zur\u00fcck|vorne|pause|play|stop|vor)\\s*das\\s*(?P<group_445>standardgerat|standardger\u00e4t)\\s*$", 
      "^\\s*lied\\s*im\\s*(?P<group_399>standardgerat|standardger\u00e4t)\\s*(?P<group_400>weiterspielen|\u00fcberspringen|uberspringen|vorheriges|vorheriger|vorherigen|fortsetzen|vorherige|ruckwarts|pausieren|r\u00fcckw\u00e4rts|anhalten|vorwarts|n\u00e4chstes|n\u00e4chster|nachsten|nachster|nachstes|n\u00e4chsten|vorw\u00e4rts|beenden|starten|letztes|letzter|letzten|nachste|n\u00e4chste|stoppen|zuruck|stoppe|weiter|letzte|zur\u00fcck|vorne|pause|play|stop|vor)\\s*$", 
      "^\\s*kapitel\\s*auf\\s*dem\\s*(?P<group_397>standardgerat|standardger\u00e4t)\\s*(?P<group_398>weiterspielen|\u00fcberspringen|uberspringen|vorheriges|vorheriger|vorherigen|fortsetzen|vorherige|ruckwarts|pausieren|r\u00fcckw\u00e4rts|anhalten|vorwarts|n\u00e4chstes|n\u00e4chster|nachsten|nachster|nachstes|n\u00e4chsten|vorw\u00e4rts|beenden|starten|letztes|letzter|letzten|nachste|n\u00e4chste|stoppen|zuruck|stoppe|weiter|letzte|zur\u00fcck|vorne|pause|play|stop|vor)\\s*$", 
      "^\\s*das\\s*(?P<group_437>weiterspielen|\u00fcberspringen|uberspringen|vorheriges|vorheriger|vorherigen|fortsetzen|vorherige|ruckwarts|pausieren|r\u00fcckw\u00e4rts|anhalten|vorwarts|n\u00e4chstes|n\u00e4chster|nachsten|nachster|nachstes|n\u00e4chsten|vorw\u00e4rts|beenden|starten|letztes|letzter|letzten|nachste|n\u00e4chste|stoppen|zuruck|stoppe|weiter|letzte|zur\u00fcck|vorne|pause|play|stop|vor)\\s*video\\s*$", 
      "^\\s*lied\\s*auf\\s*dem\\s*(?P<group_430>standardgerat|standardger\u00e4t)\\s*im\\s*(?P<group_431>standardraum)\\s*(?P<group_432>weiterspielen|\u00fcberspringen|uberspringen|vorheriges|vorheriger|vorherigen|fortsetzen|vorherige|ruckwarts|pausieren|r\u00fcckw\u00e4rts|anhalten|vorwarts|n\u00e4chstes|n\u00e4chster|nachsten|nachster|nachstes|n\u00e4chsten|vorw\u00e4rts|beenden|starten|letztes|letzter|letzten|nachste|n\u00e4chste|stoppen|zuruck|stoppe|weiter|letzte|zur\u00fcck|vorne|pause|play|stop|vor)\\s*$", 
      "^\\s*(?P<group_406>weiterspielen|\u00fcberspringen|uberspringen|vorheriges|vorheriger|vorherigen|fortsetzen|vorherige|ruckwarts|pausieren|r\u00fcckw\u00e4rts|anhalten|vorwarts|n\u00e4chstes|n\u00e4chster|nachsten|nachster|nachstes|n\u00e4chsten|vorw\u00e4rts|beenden|starten|letztes|letzter|letzten|nachste|n\u00e4chste|stoppen|zuruck|stoppe|weiter|letzte|zur\u00fcck|vorne|pause|play|stop|vor)\\s*video\\s*auf\\s*dem\\s*(?P<group_407>standardgerat|standardger\u00e4t)\\s*spielen\\s*$", 
      "^\\s*auf\\s*dem\\s*(?P<group_408>standardgerat|standardger\u00e4t)\\s*zum\\s*(?P<group_409>weiterspielen|\u00fcberspringen|uberspringen|vorheriges|vorheriger|vorherigen|fortsetzen|vorherige|ruckwarts|pausieren|r\u00fcckw\u00e4rts|anhalten|vorwarts|n\u00e4chstes|n\u00e4chster|nachsten|nachster|nachstes|n\u00e4chsten|vorw\u00e4rts|beenden|starten|letztes|letzter|letzten|nachste|n\u00e4chste|stoppen|zuruck|stoppe|weiter|letzte|zur\u00fcck|vorne|pause|play|stop|vor)\\s*lied\\s*wechseln\\s*$", 
      "^\\s*(?P<group_442>weiterspielen|\u00fcberspringen|uberspringen|vorheriges|vorheriger|vorherigen|fortsetzen|vorherige|ruckwarts|pausieren|r\u00fcckw\u00e4rts|anhalten|vorwarts|n\u00e4chstes|n\u00e4chster|nachsten|nachster|nachstes|n\u00e4chsten|vorw\u00e4rts|beenden|starten|letztes|letzter|letzten|nachste|n\u00e4chste|stoppen|zuruck|stoppe|weiter|letzte|zur\u00fcck|vorne|pause|play|stop|vor)\\s*(?P<group_443>standardgerat|standardger\u00e4t)\\s*$", 
      "^\\s*(?P<group_458>standardgerat|standardger\u00e4t)\\s*(?P<group_459>weiterspielen|\u00fcberspringen|uberspringen|vorheriges|vorheriger|vorherigen|fortsetzen|vorherige|ruckwarts|pausieren|r\u00fcckw\u00e4rts|anhalten|vorwarts|n\u00e4chstes|n\u00e4chster|nachsten|nachster|nachstes|n\u00e4chsten|vorw\u00e4rts|beenden|starten|letztes|letzter|letzten|nachste|n\u00e4chste|stoppen|zuruck|stoppe|weiter|letzte|zur\u00fcck|vorne|pause|play|stop|vor)\\s*$", 
      "^\\s*zum\\s*(?P<group_401>weiterspielen|\u00fcberspringen|uberspringen|vorheriges|vorheriger|vorherigen|fortsetzen|vorherige|ruckwarts|pausieren|r\u00fcckw\u00e4rts|anhalten|vorwarts|n\u00e4chstes|n\u00e4chster|nachsten|nachster|nachstes|n\u00e4chsten|vorw\u00e4rts|beenden|starten|letztes|letzter|letzten|nachste|n\u00e4chste|stoppen|zuruck|stoppe|weiter|letzte|zur\u00fcck|vorne|pause|play|stop|vor)\\s*video\\s*auf\\s*dem\\s*(?P<group_402>standardgerat|standardger\u00e4t)\\s*springen\\s*$", 
      "^\\s*wiedergabe\\s*auf\\s*dem\\s*(?P<group_446>standardgerat|standardger\u00e4t)\\s*im\\s*(?P<group_447>standardraum)\\s*(?P<group_448>weiterspielen|\u00fcberspringen|uberspringen|vorheriges|vorheriger|vorherigen|fortsetzen|vorherige|ruckwarts|pausieren|r\u00fcckw\u00e4rts|anhalten|vorwarts|n\u00e4chstes|n\u00e4chster|nachsten|nachster|nachstes|n\u00e4chsten|vorw\u00e4rts|beenden|starten|letztes|letzter|letzten|nachste|n\u00e4chste|stoppen|zuruck|stoppe|weiter|letzte|zur\u00fcck|vorne|pause|play|stop|vor)\\s*$", 
      "^\\s*auf\\s*dem\\s*(?P<group_423>standardgerat|standardger\u00e4t)\\s*im\\s*(?P<group_424>standardraum)\\s*zum\\s*(?P<group_425>weiterspielen|\u00fcberspringen|uberspringen|vorheriges|vorheriger|vorherigen|fortsetzen|vorherige|ruckwarts|pausieren|r\u00fcckw\u00e4rts|anhalten|vorwarts|n\u00e4chstes|n\u00e4chster|nachsten|nachster|nachstes|n\u00e4chsten|vorw\u00e4rts|beenden|starten|letztes|letzter|letzten|nachste|n\u00e4chste|stoppen|zuruck|stoppe|weiter|letzte|zur\u00fcck|vorne|pause|play|stop|vor)\\s*song\\s*wechseln\\s*$", 
      "^\\s*(?P<group_414>weiterspielen|\u00fcberspringen|uberspringen|vorheriges|vorheriger|vorherigen|fortsetzen|vorherige|ruckwarts|pausieren|r\u00fcckw\u00e4rts|anhalten|vorwarts|n\u00e4chstes|n\u00e4chster|nachsten|nachster|nachstes|n\u00e4chsten|vorw\u00e4rts|beenden|starten|letztes|letzter|letzten|nachste|n\u00e4chste|stoppen|zuruck|stoppe|weiter|letzte|zur\u00fcck|vorne|pause|play|stop|vor)\\s*lied\\s*$", 
      "^\\s*(?P<group_394>weiterspielen|\u00fcberspringen|uberspringen|vorheriges|vorheriger|vorherigen|fortsetzen|vorherige|ruckwarts|pausieren|r\u00fcckw\u00e4rts|anhalten|vorwarts|n\u00e4chstes|n\u00e4chster|nachsten|nachster|nachstes|n\u00e4chsten|vorw\u00e4rts|beenden|starten|letztes|letzter|letzten|nachste|n\u00e4chste|stoppen|zuruck|stoppe|weiter|letzte|zur\u00fcck|vorne|pause|play|stop|vor)\\s*favorit\\s*$", 
      "^\\s*im\\s*(?P<group_418>standardraum)\\s*ein\\s*lied\\s*(?P<group_419>weiterspielen|\u00fcberspringen|uberspringen|vorheriges|vorheriger|vorherigen|fortsetzen|vorherige|ruckwarts|pausieren|r\u00fcckw\u00e4rts|anhalten|vorwarts|n\u00e4chstes|n\u00e4chster|nachsten|nachster|nachstes|n\u00e4chsten|vorw\u00e4rts|beenden|starten|letztes|letzter|letzten|nachste|n\u00e4chste|stoppen|zuruck|stoppe|weiter|letzte|zur\u00fcck|vorne|pause|play|stop|vor)\\s*springen\\s*$", 
      "^\\s*(?P<group_395>weiterspielen|\u00fcberspringen|uberspringen|vorheriges|vorheriger|vorherigen|fortsetzen|vorherige|ruckwarts|pausieren|r\u00fcckw\u00e4rts|anhalten|vorwarts|n\u00e4chstes|n\u00e4chster|nachsten|nachster|nachstes|n\u00e4chsten|vorw\u00e4rts|beenden|starten|letztes|letzter|letzten|nachste|n\u00e4chste|stoppen|zuruck|stoppe|weiter|letzte|zur\u00fcck|vorne|pause|play|stop|vor)\\s*sender\\s*$", 
      "^\\s*radio\\s*(?P<group_449>weiterspielen|\u00fcberspringen|uberspringen|vorheriges|vorheriger|vorherigen|fortsetzen|vorherige|ruckwarts|pausieren|r\u00fcckw\u00e4rts|anhalten|vorwarts|n\u00e4chstes|n\u00e4chster|nachsten|nachster|nachstes|n\u00e4chsten|vorw\u00e4rts|beenden|starten|letztes|letzter|letzten|nachste|n\u00e4chste|stoppen|zuruck|stoppe|weiter|letzte|zur\u00fcck|vorne|pause|play|stop|vor)\\s*$", 
      "^\\s*(?P<group_420>weiterspielen|\u00fcberspringen|uberspringen|vorheriges|vorheriger|vorherigen|fortsetzen|vorherige|ruckwarts|pausieren|r\u00fcckw\u00e4rts|anhalten|vorwarts|n\u00e4chstes|n\u00e4chster|nachsten|nachster|nachstes|n\u00e4chsten|vorw\u00e4rts|beenden|starten|letztes|letzter|letzten|nachste|n\u00e4chste|stoppen|zuruck|stoppe|weiter|letzte|zur\u00fcck|vorne|pause|play|stop|vor)\\s*$", 
      "^\\s*video\\s*auf\\s*dem\\s*(?P<group_453>standardgerat|standardger\u00e4t)\\s*im\\s*(?P<group_454>standardraum)\\s*(?P<group_455>weiterspielen|\u00fcberspringen|uberspringen|vorheriges|vorheriger|vorherigen|fortsetzen|vorherige|ruckwarts|pausieren|r\u00fcckw\u00e4rts|anhalten|vorwarts|n\u00e4chstes|n\u00e4chster|nachsten|nachster|nachstes|n\u00e4chsten|vorw\u00e4rts|beenden|starten|letztes|letzter|letzten|nachste|n\u00e4chste|stoppen|zuruck|stoppe|weiter|letzte|zur\u00fcck|vorne|pause|play|stop|vor)\\s*$", 
      "^\\s*auf\\s*dem\\s*(?P<group_410>standardgerat|standardger\u00e4t)\\s*im\\s*(?P<group_411>standardraum)\\s*zum\\s*(?P<group_412>weiterspielen|\u00fcberspringen|uberspringen|vorheriges|vorheriger|vorherigen|fortsetzen|vorherige|ruckwarts|pausieren|r\u00fcckw\u00e4rts|anhalten|vorwarts|n\u00e4chstes|n\u00e4chster|nachsten|nachster|nachstes|n\u00e4chsten|vorw\u00e4rts|beenden|starten|letztes|letzter|letzten|nachste|n\u00e4chste|stoppen|zuruck|stoppe|weiter|letzte|zur\u00fcck|vorne|pause|play|stop|vor)\\s*lied\\s*springen\\s*$", 
      "^\\s*film\\s*auf\\s*dem\\s*(?P<group_462>standardgerat|standardger\u00e4t)\\s*(?P<group_463>weiterspielen|\u00fcberspringen|uberspringen|vorheriges|vorheriger|vorherigen|fortsetzen|vorherige|ruckwarts|pausieren|r\u00fcckw\u00e4rts|anhalten|vorwarts|n\u00e4chstes|n\u00e4chster|nachsten|nachster|nachstes|n\u00e4chsten|vorw\u00e4rts|beenden|starten|letztes|letzter|letzten|nachste|n\u00e4chste|stoppen|zuruck|stoppe|weiter|letzte|zur\u00fcck|vorne|pause|play|stop|vor)\\s*$"
    ], 
    "Thyraz:SetColor": [
      "^\\s*wechsle\\s*die\\s*farbe\\s*von\\s*(?P<group_161>standardgerat|standardger\u00e4t)\\s*auf\\s*(?P<group_162>standardfarbe)\\s*$", 
      "^\\s*(?P<group_168>standardgerat|standardger\u00e4t)\\s*(?P<group_169>standardfarbe)\\s*machen\\s*$", 
      "^\\s*(?P<group_193>standardgerat|standardger\u00e4t)\\s*im\\s*(?P<group_194>standardraum)\\s*(?P<group_195>standardfarbe)\\s*f\u00e4rben\\s*$", 
      "^\\s*wechsle\\s*die\\s*farbe\\s*von\\s*(?P<group_156>standardgerat|standardger\u00e4t)\\s*zu\\s*(?P<group_157>standardfarbe)\\s*$", 
      "^\\s*farbe\\s*von\\s*(?P<group_175>standardgerat|standardger\u00e4t)\\s*in\\s*der\\s*(?P<group_176>standardraum)\\s*auf\\s*(?P<group_177>standardfarbe)\\s*\u00e4ndern\\s*$", 
      "^\\s*mache\\s*das\\s*(?P<group_173>standardgerat|standardger\u00e4t)\\s*(?P<group_174>standardfarbe)\\s*$", 
      "^\\s*setze\\s*(?P<group_151>standardgerat|standardger\u00e4t)\\s*im\\s*(?P<group_152>standardraum)\\s*auf\\s*(?P<group_153>standardfarbe)\\s*$", 
      "^\\s*(?P<group_166>standardgerat|standardger\u00e4t)\\s*(?P<group_167>standardfarbe)\\s*f\u00e4rben\\s*$", 
      "^\\s*wechsle\\s*die\\s*farbe\\s*von\\s*(?P<group_158>standardgerat|standardger\u00e4t)\\s*im\\s*(?P<group_159>standardraum)\\s*auf\\s*(?P<group_160>standardfarbe)\\s*$", 
      "^\\s*setze\\s*(?P<group_154>standardgerat|standardger\u00e4t)\\s*auf\\s*(?P<group_155>standardfarbe)\\s*$", 
      "^\\s*(?P<group_183>standardgerat|standardger\u00e4t)\\s*auf\\s*(?P<group_184>standardfarbe)\\s*stellen\\s*$", 
      "^\\s*\u00e4ndere\\s*die\\s*farbe\\s*von\\s*(?P<group_185>standardgerat|standardger\u00e4t)\\s*im\\s*(?P<group_186>standardraum)\\s*auf\\s*(?P<group_187>standardfarbe)\\s*$", 
      "^\\s*\u00e4ndere\\s*die\\s*farbe\\s*von\\s*(?P<group_188>standardgerat|standardger\u00e4t)\\s*auf\\s*(?P<group_189>standardfarbe)\\s*$", 
      "^\\s*stelle\\s*(?P<group_196>standardgerat|standardger\u00e4t)\\s*auf\\s*(?P<group_197>standardfarbe)\\s*$", 
      "^\\s*farbe\\s*von\\s*(?P<group_178>standardgerat|standardger\u00e4t)\\s*auf\\s*(?P<group_179>standardfarbe)\\s*\u00e4ndern\\s*$", 
      "^\\s*stelle\\s*die\\s*(?P<group_190>standardgerat|standardger\u00e4t)\\s*in\\s*der\\s*(?P<group_191>standardraum)\\s*auf\\s*(?P<group_192>standardfarbe)\\s*$", 
      "^\\s*mache\\s*das\\s*(?P<group_170>standardgerat|standardger\u00e4t)\\s*im\\s*(?P<group_171>standardraum)\\s*auf\\s*(?P<group_172>standardfarbe)\\s*$", 
      "^\\s*(?P<group_163>standardgerat|standardger\u00e4t)\\s*im\\s*(?P<group_164>standardraum)\\s*(?P<group_165>standardfarbe)\\s*machen\\s*$", 
      "^\\s*(?P<group_180>standardgerat|standardger\u00e4t)\\s*im\\s*(?P<group_181>standardraum)\\s*auf\\s*(?P<group_182>standardfarbe)\\s*stellen\\s*$", 
      "^\\s*f\u00e4rbe\\s*(?P<group_200>standardgerat|standardger\u00e4t)\\s*im\\s*(?P<group_201>standardraum)\\s*auf\\s*(?P<group_202>standardfarbe)\\s*$", 
      "^\\s*stelle\\s*die\\s*farbe\\s*von\\s*(?P<group_198>standardgerat|standardger\u00e4t)\\s*auf\\s*(?P<group_199>standardfarbe)\\s*$"
    ], 
    "Thyraz:SetNumeric": [
      "^\\s*stelle\\s*die\\s*(?P<group_335>standardgerat|standardger\u00e4t)\\s*(?P<group_336>weiter\\s*schlie\u00dfen|weiter\\s*offnen|weiter\\s*\u00f6ffnen|weiter\\s*runter|weiter\\s*hoch|weiter\\s*auf|weiter\\s*zu|verringern|niedriger|erh\u00f6hen|kleiner|dunkler|erhohen|leiser|warmer|lauter|gro\u00dfer|gr\u00f6\u00dfer|heller|k\u00e4lter|kalter|runter|w\u00e4rmer|hoher|h\u00f6her|hoch|rauf)\\s*$", 
      "^\\s*stelle\\s*die\\s*(?P<group_300>standardgerat|standardger\u00e4t)\\s*auf\\s*(?P<group_301>%SNIPSNUMBER%)\\s*grad\\s*$", 
      "^\\s*(?P<group_244>standardgerat|standardger\u00e4t)\\s*im\\s*(?P<group_245>standardraum)\\s*um\\s*(?P<group_246>%SNIPSNUMBER%)\\s*(?P<group_247>weiter\\s*schlie\u00dfen|weiter\\s*offnen|weiter\\s*\u00f6ffnen|weiter\\s*runter|weiter\\s*hoch|weiter\\s*auf|weiter\\s*zu|verringern|niedriger|erh\u00f6hen|kleiner|dunkler|erhohen|leiser|warmer|lauter|gro\u00dfer|gr\u00f6\u00dfer|heller|k\u00e4lter|kalter|runter|w\u00e4rmer|hoher|h\u00f6her|hoch|rauf)\\s*$", 
      "^\\s*stelle\\s*das\\s*(?P<group_369>standardgerat|standardger\u00e4t)\\s*im\\s*(?P<group_370>standardraum)\\s*auf\\s*(?P<group_371>%SNIPSNUMBER%)\\s*(?P<group_372>prozent)\\s*$", 
      "^\\s*(?P<group_287>eingestellte\\s*temperatur|gemessene\\s*temperatur|wie\\s*viel\\s*wasser|wie\\s*viel\\s*liter|wieviel\\s*wasser|luftfeuchtigkeit|batteriezustand|wieviel\\s*liter|farbtemperatur|batteriestatus|batteriestand|wie\\s*feucht|eingestellt|ladezustand|wasserstand|luftfeuchte|wie\\s*warm|helligkeit|wie\\s*hell|wie\\s*laut|wie\\s*hei\u00df|ladestatus|lautstarke|lautst\u00e4rke|temperatur|wie\\s*kalt|ladestand|gestellt|batterie|sollwert|feuchte)\\s*des\\s*(?P<group_288>standardgerat|standardger\u00e4t)\\s*im\\s*(?P<group_289>standardraum)\\s*auf\\s*(?P<group_290>%SNIPSNUMBER%)\\s*(?P<group_291>prozent)\\s*$", 
      "^\\s*stelle\\s*das\\s*(?P<group_274>standardgerat|standardger\u00e4t)\\s*in\\s*der\\s*(?P<group_275>standardraum)\\s*um\\s*(?P<group_276>%SNIPSNUMBER%)\\s*(?P<group_277>prozent)\\s*(?P<group_278>weiter\\s*schlie\u00dfen|weiter\\s*offnen|weiter\\s*\u00f6ffnen|weiter\\s*runter|weiter\\s*hoch|weiter\\s*auf|weiter\\s*zu|verringern|niedriger|erh\u00f6hen|kleiner|dunkler|erhohen|leiser|warmer|lauter|gro\u00dfer|gr\u00f6\u00dfer|heller|k\u00e4lter|kalter|runter|w\u00e4rmer|hoher|h\u00f6her|hoch|rauf)\\s*$", 
      "^\\s*mach\\s*die\\s*(?P<group_279>standardgerat|standardger\u00e4t)\\s*um\\s*(?P<group_280>%SNIPSNUMBER%)\\s*(?P<group_281>prozent)\\s*(?P<group_282>weiter\\s*schlie\u00dfen|weiter\\s*offnen|weiter\\s*\u00f6ffnen|weiter\\s*runter|weiter\\s*hoch|weiter\\s*auf|weiter\\s*zu|verringern|niedriger|erh\u00f6hen|kleiner|dunkler|erhohen|leiser|warmer|lauter|gro\u00dfer|gr\u00f6\u00dfer|heller|k\u00e4lter|kalter|runter|w\u00e4rmer|hoher|h\u00f6her|hoch|rauf)\\s*$", 
      "^\\s*(?P<group_353>standardgerat|standardger\u00e4t)\\s*im\\s*(?P<group_354>standardraum)\\s*(?P<group_355>weiter\\s*schlie\u00dfen|weiter\\s*offnen|weiter\\s*\u00f6ffnen|weiter\\s*runter|weiter\\s*hoch|weiter\\s*auf|weiter\\s*zu|verringern|niedriger|erh\u00f6hen|kleiner|dunkler|erhohen|leiser|warmer|lauter|gro\u00dfer|gr\u00f6\u00dfer|heller|k\u00e4lter|kalter|runter|w\u00e4rmer|hoher|h\u00f6her|hoch|rauf)\\s*stellen\\s*$", 
      "^\\s*(?P<group_347>standardgerat|standardger\u00e4t)\\s*im\\s*(?P<group_348>standardraum)\\s*(?P<group_349>weiter\\s*schlie\u00dfen|weiter\\s*offnen|weiter\\s*\u00f6ffnen|weiter\\s*runter|weiter\\s*hoch|weiter\\s*auf|weiter\\s*zu|verringern|niedriger|erh\u00f6hen|kleiner|dunkler|erhohen|leiser|warmer|lauter|gro\u00dfer|gr\u00f6\u00dfer|heller|k\u00e4lter|kalter|runter|w\u00e4rmer|hoher|h\u00f6her|hoch|rauf)\\s*$", 
      "^\\s*(?P<group_350>standardgerat|standardger\u00e4t)\\s*in\\s*der\\s*(?P<group_351>standardraum)\\s*(?P<group_352>weiter\\s*schlie\u00dfen|weiter\\s*offnen|weiter\\s*\u00f6ffnen|weiter\\s*runter|weiter\\s*hoch|weiter\\s*auf|weiter\\s*zu|verringern|niedriger|erh\u00f6hen|kleiner|dunkler|erhohen|leiser|warmer|lauter|gro\u00dfer|gr\u00f6\u00dfer|heller|k\u00e4lter|kalter|runter|w\u00e4rmer|hoher|h\u00f6her|hoch|rauf)\\s*machen\\s*$", 
      "^\\s*(?P<group_332>standardgerat|standardger\u00e4t)\\s*in\\s*der\\s*(?P<group_333>standardraum)\\s*(?P<group_334>weiter\\s*schlie\u00dfen|weiter\\s*offnen|weiter\\s*\u00f6ffnen|weiter\\s*runter|weiter\\s*hoch|weiter\\s*auf|weiter\\s*zu|verringern|niedriger|erh\u00f6hen|kleiner|dunkler|erhohen|leiser|warmer|lauter|gro\u00dfer|gr\u00f6\u00dfer|heller|k\u00e4lter|kalter|runter|w\u00e4rmer|hoher|h\u00f6her|hoch|rauf)\\s*stellen\\s*$", 
      "^\\s*stelle\\s*das\\s*(?P<group_304>standardgerat|standardger\u00e4t)\\s*im\\s*(?P<group_305>standardraum)\\s*auf\\s*(?P<group_306>%SNIPSNUMBER%)\\s*grad\\s*$", 
      "^\\s*(?P<group_257>standardgerat|standardger\u00e4t)\\s*auf\\s*(?P<group_258>%SNIPSNUMBER%)\\s*$", 
      "^\\s*(?P<group_254>standardgerat|standardger\u00e4t)\\s*auf\\s*(?P<group_255>%SNIPSNUMBER%)\\s*(?P<group_256>prozent)\\s*$", 
      "^\\s*(?P<group_337>standardgerat|standardger\u00e4t)\\s*(?P<group_338>weiter\\s*schlie\u00dfen|weiter\\s*offnen|weiter\\s*\u00f6ffnen|weiter\\s*runter|weiter\\s*hoch|weiter\\s*auf|weiter\\s*zu|verringern|niedriger|erh\u00f6hen|kleiner|dunkler|erhohen|leiser|warmer|lauter|gro\u00dfer|gr\u00f6\u00dfer|heller|k\u00e4lter|kalter|runter|w\u00e4rmer|hoher|h\u00f6her|hoch|rauf)\\s*machen\\s*$", 
      "^\\s*den\\s*(?P<group_358>standardgerat|standardger\u00e4t)\\s*im\\s*(?P<group_359>standardraum)\\s*(?P<group_360>weiter\\s*schlie\u00dfen|weiter\\s*offnen|weiter\\s*\u00f6ffnen|weiter\\s*runter|weiter\\s*hoch|weiter\\s*auf|weiter\\s*zu|verringern|niedriger|erh\u00f6hen|kleiner|dunkler|erhohen|leiser|warmer|lauter|gro\u00dfer|gr\u00f6\u00dfer|heller|k\u00e4lter|kalter|runter|w\u00e4rmer|hoher|h\u00f6her|hoch|rauf)\\s*$", 
      "^\\s*(?P<group_312>standardgerat|standardger\u00e4t)\\s*auf\\s*(?P<group_313>%SNIPSNUMBER%)\\s*(?P<group_314>prozent)\\s*dimmen\\s*$", 
      "^\\s*(?P<group_318>standardgerat|standardger\u00e4t)\\s*im\\s*(?P<group_319>standardraum)\\s*auf\\s*(?P<group_320>%SNIPSNUMBER%)\\s*(?P<group_321>prozent)\\s*$", 
      "^\\s*mache\\s*die\\s*(?P<group_339>standardgerat|standardger\u00e4t)\\s*im\\s*(?P<group_340>standardraum)\\s*(?P<group_341>weiter\\s*schlie\u00dfen|weiter\\s*offnen|weiter\\s*\u00f6ffnen|weiter\\s*runter|weiter\\s*hoch|weiter\\s*auf|weiter\\s*zu|verringern|niedriger|erh\u00f6hen|kleiner|dunkler|erhohen|leiser|warmer|lauter|gro\u00dfer|gr\u00f6\u00dfer|heller|k\u00e4lter|kalter|runter|w\u00e4rmer|hoher|h\u00f6her|hoch|rauf)\\s*$", 
      "^\\s*mach\\s*die\\s*(?P<group_342>standardgerat|standardger\u00e4t)\\s*(?P<group_343>weiter\\s*schlie\u00dfen|weiter\\s*offnen|weiter\\s*\u00f6ffnen|weiter\\s*runter|weiter\\s*hoch|weiter\\s*auf|weiter\\s*zu|verringern|niedriger|erh\u00f6hen|kleiner|dunkler|erhohen|leiser|warmer|lauter|gro\u00dfer|gr\u00f6\u00dfer|heller|k\u00e4lter|kalter|runter|w\u00e4rmer|hoher|h\u00f6her|hoch|rauf)\\s*$", 
      "^\\s*(?P<group_364>standardgerat|standardger\u00e4t)\\s*(?P<group_365>weiter\\s*schlie\u00dfen|weiter\\s*offnen|weiter\\s*\u00f6ffnen|weiter\\s*runter|weiter\\s*hoch|weiter\\s*auf|weiter\\s*zu|verringern|niedriger|erh\u00f6hen|kleiner|dunkler|erhohen|leiser|warmer|lauter|gro\u00dfer|gr\u00f6\u00dfer|heller|k\u00e4lter|kalter|runter|w\u00e4rmer|hoher|h\u00f6her|hoch|rauf)\\s*stellen\\s*$", 
      "^\\s*(?P<group_322>standardgerat|standardger\u00e4t)\\s*im\\s*(?P<group_323>standardraum)\\s*auf\\s*(?P<group_324>%SNIPSNUMBER%)\\s*dimmen\\s*$", 
      "^\\s*stelle\\s*den\\s*(?P<group_296>eingestellte\\s*temperatur|gemessene\\s*temperatur|wie\\s*viel\\s*wasser|wie\\s*viel\\s*liter|wieviel\\s*wasser|luftfeuchtigkeit|batteriezustand|wieviel\\s*liter|farbtemperatur|batteriestatus|batteriestand|wie\\s*feucht|eingestellt|ladezustand|wasserstand|luftfeuchte|wie\\s*warm|helligkeit|wie\\s*hell|wie\\s*laut|wie\\s*hei\u00df|ladestatus|lautstarke|lautst\u00e4rke|temperatur|wie\\s*kalt|ladestand|gestellt|batterie|sollwert|feuchte)\\s*der\\s*(?P<group_297>standardgerat|standardger\u00e4t)\\s*im\\s*(?P<group_298>standardraum)\\s*auf\\s*(?P<group_299>%SNIPSNUMBER%)\\s*grad\\s*$", 
      "^\\s*mach\\s*den\\s*(?P<group_361>standardgerat|standardger\u00e4t)\\s*im\\s*(?P<group_362>standardraum)\\s*(?P<group_363>weiter\\s*schlie\u00dfen|weiter\\s*offnen|weiter\\s*\u00f6ffnen|weiter\\s*runter|weiter\\s*hoch|weiter\\s*auf|weiter\\s*zu|verringern|niedriger|erh\u00f6hen|kleiner|dunkler|erhohen|leiser|warmer|lauter|gro\u00dfer|gr\u00f6\u00dfer|heller|k\u00e4lter|kalter|runter|w\u00e4rmer|hoher|h\u00f6her|hoch|rauf)\\s*$", 
      "^\\s*mach\\s*die\\s*(?P<group_259>standardgerat|standardger\u00e4t)\\s*in\\s*der\\s*(?P<group_260>standardraum)\\s*um\\s*(?P<group_261>%SNIPSNUMBER%)\\s*(?P<group_262>prozent)\\s*(?P<group_263>weiter\\s*schlie\u00dfen|weiter\\s*offnen|weiter\\s*\u00f6ffnen|weiter\\s*runter|weiter\\s*hoch|weiter\\s*auf|weiter\\s*zu|verringern|niedriger|erh\u00f6hen|kleiner|dunkler|erhohen|leiser|warmer|lauter|gro\u00dfer|gr\u00f6\u00dfer|heller|k\u00e4lter|kalter|runter|w\u00e4rmer|hoher|h\u00f6her|hoch|rauf)\\s*$", 
      "^\\s*mach\\s*die\\s*(?P<group_264>standardgerat|standardger\u00e4t)\\s*im\\s*(?P<group_265>standardraum)\\s*um\\s*(?P<group_266>%SNIPSNUMBER%)\\s*(?P<group_267>weiter\\s*schlie\u00dfen|weiter\\s*offnen|weiter\\s*\u00f6ffnen|weiter\\s*runter|weiter\\s*hoch|weiter\\s*auf|weiter\\s*zu|verringern|niedriger|erh\u00f6hen|kleiner|dunkler|erhohen|leiser|warmer|lauter|gro\u00dfer|gr\u00f6\u00dfer|heller|k\u00e4lter|kalter|runter|w\u00e4rmer|hoher|h\u00f6her|hoch|rauf)\\s*$", 
      "^\\s*(?P<group_248>standardgerat|standardger\u00e4t)\\s*um\\s*(?P<group_249>%SNIPSNUMBER%)\\s*(?P<group_250>weiter\\s*schlie\u00dfen|weiter\\s*offnen|weiter\\s*\u00f6ffnen|weiter\\s*runter|weiter\\s*hoch|weiter\\s*auf|weiter\\s*zu|verringern|niedriger|erh\u00f6hen|kleiner|dunkler|erhohen|leiser|warmer|lauter|gro\u00dfer|gr\u00f6\u00dfer|heller|k\u00e4lter|kalter|runter|w\u00e4rmer|hoher|h\u00f6her|hoch|rauf)\\s*$", 
      "^\\s*mach\\s*den\\s*(?P<group_356>standardgerat|standardger\u00e4t)\\s*(?P<group_357>weiter\\s*schlie\u00dfen|weiter\\s*offnen|weiter\\s*\u00f6ffnen|weiter\\s*runter|weiter\\s*hoch|weiter\\s*auf|weiter\\s*zu|verringern|niedriger|erh\u00f6hen|kleiner|dunkler|erhohen|leiser|warmer|lauter|gro\u00dfer|gr\u00f6\u00dfer|heller|k\u00e4lter|kalter|runter|w\u00e4rmer|hoher|h\u00f6her|hoch|rauf)\\s*$", 
      "^\\s*(?P<group_325>standardgerat|standardger\u00e4t)\\s*im\\s*(?P<group_326>standardraum)\\s*auf\\s*(?P<group_327>%SNIPSNUMBER%)\\s*(?P<group_328>prozent)\\s*stellen\\s*$", 
      "^\\s*mache\\s*den\\s*(?P<group_384>standardgerat|standardger\u00e4t)\\s*im\\s*(?P<group_385>standardraum)\\s*um\\s*(?P<group_386>%SNIPSNUMBER%)\\s*(?P<group_387>prozent)\\s*(?P<group_388>weiter\\s*schlie\u00dfen|weiter\\s*offnen|weiter\\s*\u00f6ffnen|weiter\\s*runter|weiter\\s*hoch|weiter\\s*auf|weiter\\s*zu|verringern|niedriger|erh\u00f6hen|kleiner|dunkler|erhohen|leiser|warmer|lauter|gro\u00dfer|gr\u00f6\u00dfer|heller|k\u00e4lter|kalter|runter|w\u00e4rmer|hoher|h\u00f6her|hoch|rauf)\\s*$", 
      "^\\s*mach\\s*das\\s*(?P<group_389>standardgerat|standardger\u00e4t)\\s*im\\s*(?P<group_390>standardraum)\\s*um\\s*(?P<group_391>%SNIPSNUMBER%)\\s*(?P<group_392>prozent)\\s*(?P<group_393>weiter\\s*schlie\u00dfen|weiter\\s*offnen|weiter\\s*\u00f6ffnen|weiter\\s*runter|weiter\\s*hoch|weiter\\s*auf|weiter\\s*zu|verringern|niedriger|erh\u00f6hen|kleiner|dunkler|erhohen|leiser|warmer|lauter|gro\u00dfer|gr\u00f6\u00dfer|heller|k\u00e4lter|kalter|runter|w\u00e4rmer|hoher|h\u00f6her|hoch|rauf)\\s*$", 
      "^\\s*stelle\\s*die\\s*(?P<group_268>eingestellte\\s*temperatur|gemessene\\s*temperatur|wie\\s*viel\\s*wasser|wie\\s*viel\\s*liter|wieviel\\s*wasser|luftfeuchtigkeit|batteriezustand|wieviel\\s*liter|farbtemperatur|batteriestatus|batteriestand|wie\\s*feucht|eingestellt|ladezustand|wasserstand|luftfeuchte|wie\\s*warm|helligkeit|wie\\s*hell|wie\\s*laut|wie\\s*hei\u00df|ladestatus|lautstarke|lautst\u00e4rke|temperatur|wie\\s*kalt|ladestand|gestellt|batterie|sollwert|feuchte)\\s*vom\\s*(?P<group_269>standardgerat|standardger\u00e4t)\\s*im\\s*(?P<group_270>standardraum)\\s*um\\s*(?P<group_271>%SNIPSNUMBER%)\\s*(?P<group_272>prozent)\\s*(?P<group_273>weiter\\s*schlie\u00dfen|weiter\\s*offnen|weiter\\s*\u00f6ffnen|weiter\\s*runter|weiter\\s*hoch|weiter\\s*auf|weiter\\s*zu|verringern|niedriger|erh\u00f6hen|kleiner|dunkler|erhohen|leiser|warmer|lauter|gro\u00dfer|gr\u00f6\u00dfer|heller|k\u00e4lter|kalter|runter|w\u00e4rmer|hoher|h\u00f6her|hoch|rauf)\\s*$", 
      "^\\s*stelle\\s*der\\s*(?P<group_302>standardgerat|standardger\u00e4t)\\s*auf\\s*(?P<group_303>%SNIPSNUMBER%)\\s*grad\\s*$", 
      "^\\s*stelle\\s*das\\s*(?P<group_307>standardgerat|standardger\u00e4t)\\s*auf\\s*(?P<group_308>%SNIPSNUMBER%)\\s*$", 
      "^\\s*(?P<group_329>standardgerat|standardger\u00e4t)\\s*im\\s*(?P<group_330>standardraum)\\s*(?P<group_331>weiter\\s*schlie\u00dfen|weiter\\s*offnen|weiter\\s*\u00f6ffnen|weiter\\s*runter|weiter\\s*hoch|weiter\\s*auf|weiter\\s*zu|verringern|niedriger|erh\u00f6hen|kleiner|dunkler|erhohen|leiser|warmer|lauter|gro\u00dfer|gr\u00f6\u00dfer|heller|k\u00e4lter|kalter|runter|w\u00e4rmer|hoher|h\u00f6her|hoch|rauf)\\s*dimmen\\s*$", 
      "^\\s*(?P<group_292>eingestellte\\s*temperatur|gemessene\\s*temperatur|wie\\s*viel\\s*wasser|wie\\s*viel\\s*liter|wieviel\\s*wasser|luftfeuchtigkeit|batteriezustand|wieviel\\s*liter|farbtemperatur|batteriestatus|batteriestand|wie\\s*feucht|eingestellt|ladezustand|wasserstand|luftfeuchte|wie\\s*warm|helligkeit|wie\\s*hell|wie\\s*laut|wie\\s*hei\u00df|ladestatus|lautstarke|lautst\u00e4rke|temperatur|wie\\s*kalt|ladestand|gestellt|batterie|sollwert|feuchte)\\s*der\\s*(?P<group_293>standardgerat|standardger\u00e4t)\\s*im\\s*(?P<group_294>standardraum)\\s*auf\\s*(?P<group_295>%SNIPSNUMBER%)\\s*grad\\s*stellen\\s*$", 
      "^\\s*mach\\s*das\\s*(?P<group_344>standardgerat|standardger\u00e4t)\\s*in\\s*der\\s*(?P<group_345>standardraum)\\s*(?P<group_346>weiter\\s*schlie\u00dfen|weiter\\s*offnen|weiter\\s*\u00f6ffnen|weiter\\s*runter|weiter\\s*hoch|weiter\\s*auf|weiter\\s*zu|verringern|niedriger|erh\u00f6hen|kleiner|dunkler|erhohen|leiser|warmer|lauter|gro\u00dfer|gr\u00f6\u00dfer|heller|k\u00e4lter|kalter|runter|w\u00e4rmer|hoher|h\u00f6her|hoch|rauf)\\s*$", 
      "^\\s*(?P<group_283>eingestellte\\s*temperatur|gemessene\\s*temperatur|wie\\s*viel\\s*wasser|wie\\s*viel\\s*liter|wieviel\\s*wasser|luftfeuchtigkeit|batteriezustand|wieviel\\s*liter|farbtemperatur|batteriestatus|batteriestand|wie\\s*feucht|eingestellt|ladezustand|wasserstand|luftfeuchte|wie\\s*warm|helligkeit|wie\\s*hell|wie\\s*laut|wie\\s*hei\u00df|ladestatus|lautstarke|lautst\u00e4rke|temperatur|wie\\s*kalt|ladestand|gestellt|batterie|sollwert|feuchte)\\s*der\\s*(?P<group_284>standardgerat|standardger\u00e4t)\\s*auf\\s*(?P<group_285>%SNIPSNUMBER%)\\s*(?P<group_286>prozent)\\s*$", 
      "^\\s*fahre\\s*den\\s*(?P<group_373>standardgerat|standardger\u00e4t)\\s*in\\s*der\\s*(?P<group_374>standardraum)\\s*auf\\s*(?P<group_375>%SNIPSNUMBER%)\\s*(?P<group_376>prozent)\\s*$", 
      "^\\s*dimme\\s*die\\s*(?P<group_309>standardgerat|standardger\u00e4t)\\s*auf\\s*(?P<group_310>%SNIPSNUMBER%)\\s*(?P<group_311>prozent)\\s*$", 
      "^\\s*mache\\s*das\\s*(?P<group_377>standardgerat|standardger\u00e4t)\\s*im\\s*(?P<group_378>standardraum)\\s*(?P<group_379>weiter\\s*schlie\u00dfen|weiter\\s*offnen|weiter\\s*\u00f6ffnen|weiter\\s*runter|weiter\\s*hoch|weiter\\s*auf|weiter\\s*zu|verringern|niedriger|erh\u00f6hen|kleiner|dunkler|erhohen|leiser|warmer|lauter|gro\u00dfer|gr\u00f6\u00dfer|heller|k\u00e4lter|kalter|runter|w\u00e4rmer|hoher|h\u00f6her|hoch|rauf)\\s*$", 
      "^\\s*(?P<group_239>standardgerat|standardger\u00e4t)\\s*im\\s*(?P<group_240>standardraum)\\s*um\\s*(?P<group_241>%SNIPSNUMBER%)\\s*(?P<group_242>prozent)\\s*(?P<group_243>weiter\\s*schlie\u00dfen|weiter\\s*offnen|weiter\\s*\u00f6ffnen|weiter\\s*runter|weiter\\s*hoch|weiter\\s*auf|weiter\\s*zu|verringern|niedriger|erh\u00f6hen|kleiner|dunkler|erhohen|leiser|warmer|lauter|gro\u00dfer|gr\u00f6\u00dfer|heller|k\u00e4lter|kalter|runter|w\u00e4rmer|hoher|h\u00f6her|hoch|rauf)\\s*$", 
      "^\\s*mach\\s*die\\s*(?P<group_380>standardgerat|standardger\u00e4t)\\s*(?P<group_381>%SNIPSNUMBER%)\\s*(?P<group_382>prozent)\\s*(?P<group_383>weiter\\s*schlie\u00dfen|weiter\\s*offnen|weiter\\s*\u00f6ffnen|weiter\\s*runter|weiter\\s*hoch|weiter\\s*auf|weiter\\s*zu|verringern|niedriger|erh\u00f6hen|kleiner|dunkler|erhohen|leiser|warmer|lauter|gro\u00dfer|gr\u00f6\u00dfer|heller|k\u00e4lter|kalter|runter|w\u00e4rmer|hoher|h\u00f6her|hoch|rauf)\\s*$", 
      "^\\s*stelle\\s*die\\s*(?P<group_315>standardgerat|standardger\u00e4t)\\s*auf\\s*(?P<group_316>%SNIPSNUMBER%)\\s*(?P<group_317>prozent)\\s*$", 
      "^\\s*(?P<group_251>standardgerat|standardger\u00e4t)\\s*im\\s*(?P<group_252>standardraum)\\s*auf\\s*(?P<group_253>%SNIPSNUMBER%)\\s*$", 
      "^\\s*(?P<group_366>standardgerat|standardger\u00e4t)\\s*auf\\s*(?P<group_367>%SNIPSNUMBER%)\\s*(?P<group_368>prozent)\\s*stellen\\s*$"
    ], 
    "Thyraz:SetOnOff": [
      "^\\s*die\\s*(?P<group_9>standardgerat|standardger\u00e4t)\\s*(?P<group_10>ausschalten|deaktiviere|einschalten|anschalten|rausfahren|reinfahren|abschalten|ausfahren|einfahren|aktiviere|schlie\u00dfen|ausmachen|schlie\u00dfe|anmachen|\u00f6ffnen|offnen|runter|\u00f6ffne|offne|eins|raus|rauf|rein|auf|aus|ein|ab|an|zu|1)\\s*$", 
      "^\\s*(?P<group_3>standardgerat|standardger\u00e4t)\\s*(?P<group_4>ausschalten|deaktiviere|einschalten|anschalten|rausfahren|reinfahren|abschalten|ausfahren|einfahren|aktiviere|schlie\u00dfen|ausmachen|schlie\u00dfe|anmachen|\u00f6ffnen|offnen|runter|\u00f6ffne|offne|eins|raus|rauf|rein|auf|aus|ein|ab|an|zu|1)\\s*$", 
      "^\\s*schalte\\s*bitte\\s*die\\s*(?P<group_24>standardgerat|standardger\u00e4t)\\s*im\\s*(?P<group_25>standardraum)\\s*(?P<group_26>ausschalten|deaktiviere|einschalten|anschalten|rausfahren|reinfahren|abschalten|ausfahren|einfahren|aktiviere|schlie\u00dfen|ausmachen|schlie\u00dfe|anmachen|\u00f6ffnen|offnen|runter|\u00f6ffne|offne|eins|raus|rauf|rein|auf|aus|ein|ab|an|zu|1)\\s*$", 
      "^\\s*mach\\s*mir\\s*bitte\\s*die\\s*(?P<group_32>standardgerat|standardger\u00e4t)\\s*im\\s*(?P<group_33>standardraum)\\s*(?P<group_34>ausschalten|deaktiviere|einschalten|anschalten|rausfahren|reinfahren|abschalten|ausfahren|einfahren|aktiviere|schlie\u00dfen|ausmachen|schlie\u00dfe|anmachen|\u00f6ffnen|offnen|runter|\u00f6ffne|offne|eins|raus|rauf|rein|auf|aus|ein|ab|an|zu|1)\\s*$", 
      "^\\s*schalte\\s*(?P<group_16>standardgerat|standardger\u00e4t)\\s*im\\s*(?P<group_17>standardraum)\\s*(?P<group_18>ausschalten|deaktiviere|einschalten|anschalten|rausfahren|reinfahren|abschalten|ausfahren|einfahren|aktiviere|schlie\u00dfen|ausmachen|schlie\u00dfe|anmachen|\u00f6ffnen|offnen|runter|\u00f6ffne|offne|eins|raus|rauf|rein|auf|aus|ein|ab|an|zu|1)\\s*$", 
      "^\\s*(?P<group_46>ausschalten|deaktiviere|einschalten|anschalten|rausfahren|reinfahren|abschalten|ausfahren|einfahren|aktiviere|schlie\u00dfen|ausmachen|schlie\u00dfe|anmachen|\u00f6ffnen|offnen|runter|\u00f6ffne|offne|eins|raus|rauf|rein|auf|aus|ein|ab|an|zu|1)\\s*den\\s*(?P<group_47>standardgerat|standardger\u00e4t)\\s*im\\s*(?P<group_48>standardraum)\\s*$", 
      "^\\s*(?P<group_44>ausschalten|deaktiviere|einschalten|anschalten|rausfahren|reinfahren|abschalten|ausfahren|einfahren|aktiviere|schlie\u00dfen|ausmachen|schlie\u00dfe|anmachen|\u00f6ffnen|offnen|runter|\u00f6ffne|offne|eins|raus|rauf|rein|auf|aus|ein|ab|an|zu|1)\\s*den\\s*(?P<group_45>standardgerat|standardger\u00e4t)\\s*$", 
      "^\\s*mach\\s*das\\s*(?P<group_22>standardgerat|standardger\u00e4t)\\s*(?P<group_23>ausschalten|deaktiviere|einschalten|anschalten|rausfahren|reinfahren|abschalten|ausfahren|einfahren|aktiviere|schlie\u00dfen|ausmachen|schlie\u00dfe|anmachen|\u00f6ffnen|offnen|runter|\u00f6ffne|offne|eins|raus|rauf|rein|auf|aus|ein|ab|an|zu|1)\\s*$", 
      "^\\s*(?P<group_5>ausschalten|deaktiviere|einschalten|anschalten|rausfahren|reinfahren|abschalten|ausfahren|einfahren|aktiviere|schlie\u00dfen|ausmachen|schlie\u00dfe|anmachen|\u00f6ffnen|offnen|runter|\u00f6ffne|offne|eins|raus|rauf|rein|auf|aus|ein|ab|an|zu|1)\\s*das\\s*(?P<group_6>standardgerat|standardger\u00e4t)\\s*$", 
      "^\\s*(?P<group_29>standardgerat|standardger\u00e4t)\\s*in\\s*der\\s*(?P<group_30>standardraum)\\s*(?P<group_31>ausschalten|deaktiviere|einschalten|anschalten|rausfahren|reinfahren|abschalten|ausfahren|einfahren|aktiviere|schlie\u00dfen|ausmachen|schlie\u00dfe|anmachen|\u00f6ffnen|offnen|runter|\u00f6ffne|offne|eins|raus|rauf|rein|auf|aus|ein|ab|an|zu|1)\\s*$", 
      "^\\s*(?P<group_7>ausschalten|deaktiviere|einschalten|anschalten|rausfahren|reinfahren|abschalten|ausfahren|einfahren|aktiviere|schlie\u00dfen|ausmachen|schlie\u00dfe|anmachen|\u00f6ffnen|offnen|runter|\u00f6ffne|offne|eins|raus|rauf|rein|auf|aus|ein|ab|an|zu|1)\\s*(?P<group_8>standardgerat|standardger\u00e4t)\\s*$", 
      "^\\s*mach\\s*die\\s*(?P<group_19>standardgerat|standardger\u00e4t)\\s*in\\s*der\\s*(?P<group_20>standardraum)\\s*(?P<group_21>ausschalten|deaktiviere|einschalten|anschalten|rausfahren|reinfahren|abschalten|ausfahren|einfahren|aktiviere|schlie\u00dfen|ausmachen|schlie\u00dfe|anmachen|\u00f6ffnen|offnen|runter|\u00f6ffne|offne|eins|raus|rauf|rein|auf|aus|ein|ab|an|zu|1)\\s*$", 
      "^\\s*mache\\s*bitte\\s*die\\s*(?P<group_27>standardgerat|standardger\u00e4t)\\s*(?P<group_28>ausschalten|deaktiviere|einschalten|anschalten|rausfahren|reinfahren|abschalten|ausfahren|einfahren|aktiviere|schlie\u00dfen|ausmachen|schlie\u00dfe|anmachen|\u00f6ffnen|offnen|runter|\u00f6ffne|offne|eins|raus|rauf|rein|auf|aus|ein|ab|an|zu|1)\\s*$", 
      "^\\s*(?P<group_0>standardgerat|standardger\u00e4t)\\s*im\\s*(?P<group_1>standardraum)\\s*(?P<group_2>ausschalten|deaktiviere|einschalten|anschalten|rausfahren|reinfahren|abschalten|ausfahren|einfahren|aktiviere|schlie\u00dfen|ausmachen|schlie\u00dfe|anmachen|\u00f6ffnen|offnen|runter|\u00f6ffne|offne|eins|raus|rauf|rein|auf|aus|ein|ab|an|zu|1)\\s*$", 
      "^\\s*bitte\\s*die\\s*(?P<group_42>standardgerat|standardger\u00e4t)\\s*(?P<group_43>ausschalten|deaktiviere|einschalten|anschalten|rausfahren|reinfahren|abschalten|ausfahren|einfahren|aktiviere|schlie\u00dfen|ausmachen|schlie\u00dfe|anmachen|\u00f6ffnen|offnen|runter|\u00f6ffne|offne|eins|raus|rauf|rein|auf|aus|ein|ab|an|zu|1)\\s*$", 
      "^\\s*(?P<group_13>ausschalten|deaktiviere|einschalten|anschalten|rausfahren|reinfahren|abschalten|ausfahren|einfahren|aktiviere|schlie\u00dfen|ausmachen|schlie\u00dfe|anmachen|\u00f6ffnen|offnen|runter|\u00f6ffne|offne|eins|raus|rauf|rein|auf|aus|ein|ab|an|zu|1)\\s*(?P<group_14>standardgerat|standardger\u00e4t)\\s*im\\s*(?P<group_15>standardraum)\\s*$", 
      "^\\s*mach\\s*die\\s*(?P<group_35>standardgerat|standardger\u00e4t)\\s*(?P<group_36>ausschalten|deaktiviere|einschalten|anschalten|rausfahren|reinfahren|abschalten|ausfahren|einfahren|aktiviere|schlie\u00dfen|ausmachen|schlie\u00dfe|anmachen|\u00f6ffnen|offnen|runter|\u00f6ffne|offne|eins|raus|rauf|rein|auf|aus|ein|ab|an|zu|1)\\s*$", 
      "^\\s*im\\s*(?P<group_39>standardraum)\\s*die\\s*(?P<group_40>standardgerat|standardger\u00e4t)\\s*(?P<group_41>ausschalten|deaktiviere|einschalten|anschalten|rausfahren|reinfahren|abschalten|ausfahren|einfahren|aktiviere|schlie\u00dfen|ausmachen|schlie\u00dfe|anmachen|\u00f6ffnen|offnen|runter|\u00f6ffne|offne|eins|raus|rauf|rein|auf|aus|ein|ab|an|zu|1)\\s*$", 
      "^\\s*kannst\\s*du\\s*die\\s*(?P<group_37>standardgerat|standardger\u00e4t)\\s*(?P<group_38>ausschalten|deaktiviere|einschalten|anschalten|rausfahren|reinfahren|abschalten|ausfahren|einfahren|aktiviere|schlie\u00dfen|ausmachen|schlie\u00dfe|anmachen|\u00f6ffnen|offnen|runter|\u00f6ffne|offne|eins|raus|rauf|rein|auf|aus|ein|ab|an|zu|1)\\s*$", 
      "^\\s*schalte\\s*die\\s*(?P<group_11>standardgerat|standardger\u00e4t)\\s*(?P<group_12>ausschalten|deaktiviere|einschalten|anschalten|rausfahren|reinfahren|abschalten|ausfahren|einfahren|aktiviere|schlie\u00dfen|ausmachen|schlie\u00dfe|anmachen|\u00f6ffnen|offnen|runter|\u00f6ffne|offne|eins|raus|rauf|rein|auf|aus|ein|ab|an|zu|1)\\s*$"
    ], 
    "Thyraz:Shortcuts": [
      "^\\s*(?P<group_150>standardshortcut)\\s*$"
    ], 
    "Thyraz:Status": [
      "^\\s*status\\s*(?P<group_225>standardgerat|standardger\u00e4t)\\s*$", 
      "^\\s*was\\s*ist\\s*der\\s*status\\s*des\\s*(?P<group_233>standardgerat|standardger\u00e4t)\\s*im\\s*(?P<group_234>standardraum)\\s*$", 
      "^\\s*wie\\s*ist\\s*der\\s*status\\s*des\\s*(?P<group_235>standardgerat|standardger\u00e4t)\\s*im\\s*(?P<group_236>standardraum)\\s*$", 
      "^\\s*(?P<group_220>standardgerat|standardger\u00e4t)\\s*(?P<group_221>standardraum)\\s*$", 
      "^\\s*status\\s*des\\s*(?P<group_227>standardgerat|standardger\u00e4t)\\s*$", 
      "^\\s*status\\s*(?P<group_209>standardgerat|standardger\u00e4t)\\s*in\\s*der\\s*(?P<group_210>standardraum)\\s*$", 
      "^\\s*sage\\s*mir\\s*den\\s*status\\s*vom\\s*(?P<group_224>standardgerat|standardger\u00e4t)\\s*$", 
      "^\\s*(?P<group_219>standardgerat|standardger\u00e4t)\\s*$", 
      "^\\s*sag\\s*mir\\s*den\\s*status\\s*des\\s*(?P<group_231>standardgerat|standardger\u00e4t)\\s*im\\s*(?P<group_232>standardraum)\\s*$", 
      "^\\s*sage\\s*mit\\s*den\\s*status\\s*der\\s*(?P<group_222>standardgerat|standardger\u00e4t)\\s*im\\s*(?P<group_223>standardraum)\\s*$", 
      "^\\s*status\\s*(?P<group_211>standardgerat|standardger\u00e4t)\\s*im\\s*(?P<group_212>standardraum)\\s*$", 
      "^\\s*was\\s*sagt\\s*der\\s*status\\s*vom\\s*(?P<group_206>standardgerat|standardger\u00e4t)\\s*$", 
      "^\\s*was\\s*macht\\s*der\\s*status\\s*vom\\s*(?P<group_203>standardgerat|standardger\u00e4t)\\s*im\\s*(?P<group_204>standardraum)\\s*$", 
      "^\\s*status\\s*der\\s*(?P<group_215>standardgerat|standardger\u00e4t)\\s*im\\s*(?P<group_216>standardraum)\\s*$", 
      "^\\s*status\\s*vom\\s*(?P<group_213>standardgerat|standardger\u00e4t)\\s*in\\s*der\\s*(?P<group_214>standardraum)\\s*$", 
      "^\\s*status\\s*des\\s*(?P<group_217>standardgerat|standardger\u00e4t)\\s*im\\s*(?P<group_218>standardraum)\\s*$", 
      "^\\s*wie\\s*ist\\s*der\\s*status\\s*vom\\s*(?P<group_207>standardgerat|standardger\u00e4t)\\s*in\\s*der\\s*(?P<group_208>standardraum)\\s*$", 
      "^\\s*was\\s*macht\\s*der\\s*status\\s*vom\\s*(?P<group_205>standardgerat|standardger\u00e4t)\\s*$", 
      "^\\s*wie\\s*ist\\s*der\\s*status\\s*vom\\s*(?P<group_237>standardgerat|standardger\u00e4t)\\s*im\\s*(?P<group_238>standardraum)\\s*$", 
      "^\\s*status\\s*der\\s*(?P<group_226>standardgerat|standardger\u00e4t)\\s*$", 
      "^\\s*status\\s*vom\\s*(?P<group_228>standardgerat|standardger\u00e4t)\\s*$", 
      "^\\s*sag\\s*mit\\s*den\\s*status\\s*der\\s*(?P<group_229>standardgerat|standardger\u00e4t)\\s*im\\s*(?P<group_230>standardraum)\\s*$"
    ]
  }, 
  "slot_names_to_entities": {
    "Thyraz:GetNumeric": {
      "Device": "de.fhem.Device", 
      "Room": "de.fhem.Room", 
      "Type": "de.fhem.NumericType"
    }, 
    "Thyraz:GetOnOff": {
      "Device": "de.fhem.Device", 
      "Room": "de.fhem.Room", 
      "Status": "de.fhem.OnOffStatus"
    }, 
    "Thyraz:MediaChannels": {
      "Channel": "de.fhem.MediaChannels", 
      "Device": "de.fhem.Device", 
      "Room": "de.fhem.Room"
    }, 
    "Thyraz:MediaControls": {
      "Command": "de.fhem.MediaControlCommand", 
      "Device": "de.fhem.Device", 
      "Room": "de.fhem.Room"
    }, 
    "Thyraz:SetColor": {
      "Color": "de.fhem.Color", 
      "Device": "de.fhem.Device", 
      "Room": "de.fhem.Room"
    }, 
    "Thyraz:SetNumeric": {
      "Change": "de.fhem.ChangePercent", 
      "Device": "de.fhem.Device", 
      "Room": "de.fhem.Room", 
      "Type": "de.fhem.NumericType", 
      "Unit": "de.fhem.Unit", 
      "Value": "snips/number"
    }, 
    "Thyraz:SetOnOff": {
      "Device": "de.fhem.Device", 
      "Room": "de.fhem.Room", 
      "Value": "de.fhem.OnOffValue"
    }, 
    "Thyraz:Shortcuts": {
      "Shortcut": "de.fhem.Shortcuts"
    }, 
    "Thyraz:Status": {
      "Device": "de.fhem.Device", 
      "Room": "de.fhem.Room"
    }
  }, 
  "unit_name": "deterministic_intent_parser"
}